ts_utc,premium_rate
2017-08-17 00:00:00+00,2.5468
2017-08-18 00:00:00+00,-0.1183
2017-08-19 00:00:00+00,-0.1619
2017-08-20 00:00:00+00,0.884
2017-08-21 00:00:00+00,-0.4458
2017-08-22 00:00:00+00,-0.3486
2017-08-23 00:00:00+00,1.2871
2017-08-24 00:00:00+00,-0.1085
2017-08-25 00:00:00+00,-0.0922
2017-08-26 00:00:00+00,1.8523
2017-08-27 00:00:00+00,0.2726
2017-08-28 00:00:00+00,0.777
2017-08-29 00:00:00+00,0.7199
2017-08-30 00:00:00+00,0.7556
2017-08-31 00:00:00+00,0.5892
2017-09-01 00:00:00+00,1.1525
2017-09-02 00:00:00+00,3.1659
2017-09-03 00:00:00+00,2.9697
2017-09-04 00:00:00+00,2.687
2017-09-05 00:00:00+00,9.5323
2017-09-06 00:00:00+00,1.512
2017-09-07 00:00:00+00,-0.0777
2017-09-08 00:00:00+00,-1.4383
2017-09-09 00:00:00+00,1.5691
2017-09-10 00:00:00+00,1.774
2017-09-11 00:00:00+00,2.3531
2017-09-12 00:00:00+00,0.0504
2017-09-13 00:00:00+00,0.1154
2017-09-14 00:00:00+00,-2.2411
2017-09-15 00:00:00+00,1.9442
2017-09-16 00:00:00+00,1.7967
2017-09-17 00:00:00+00,1.1201
2017-09-18 00:00:00+00,0.8125
2017-09-19 00:00:00+00,0.9852
2017-09-20 00:00:00+00,0.0018
2017-09-21 00:00:00+00,-0.4607
2017-09-22 00:00:00+00,0.6855
2017-09-23 00:00:00+00,0.6432
2017-09-24 00:00:00+00,0.2061
2017-09-25 00:00:00+00,0.2456
2017-09-26 00:00:00+00,-0.2042
2017-09-27 00:00:00+00,0.0703
2017-09-28 00:00:00+00,0.1882
2017-09-29 00:00:00+00,0.2498
2017-09-30 00:00:00+00,-0.4314
2017-10-01 00:00:00+00,-0.9017
2017-10-02 00:00:00+00,-0.118
2017-10-03 00:00:00+00,0.2902
2017-10-04 00:00:00+00,-0.1601
2017-10-05 00:00:00+00,0.1485
2017-10-06 00:00:00+00,0.0238
2017-10-07 00:00:00+00,-0.1373
2017-10-08 00:00:00+00,0.0
2017-10-09 00:00:00+00,-0.7866
2017-10-10 00:00:00+00,-0.3635
2017-10-11 00:00:00+00,-0.6912
2017-10-12 00:00:00+00,-0.1336
2017-10-13 00:00:00+00,0.0002
2017-10-14 00:00:00+00,-0.4448
2017-10-15 00:00:00+00,-0.6131
2017-10-16 00:00:00+00,-0.2855
2017-10-17 00:00:00+00,-0.0885
2017-10-18 00:00:00+00,-0.0184
2017-10-19 00:00:00+00,1.1068
2017-10-20 00:00:00+00,0.364
2017-10-21 00:00:00+00,-0.4094
2017-10-22 00:00:00+00,0.3595
2017-10-23 00:00:00+00,0.5029
2017-10-24 00:00:00+00,-0.0587
2017-10-25 00:00:00+00,0.3361
2017-10-26 00:00:00+00,1.2323
2017-10-27 00:00:00+00,0.5091
2017-10-28 00:00:00+00,0.1943
2017-10-29 00:00:00+00,0.7361
2017-10-30 00:00:00+00,0.1141
2017-10-31 00:00:00+00,0.0595
2017-11-01 00:00:00+00,-0.2784
2017-11-02 00:00:00+00,0.4399
2017-11-03 00:00:00+00,0.4234
2017-11-04 00:00:00+00,0.7729
2017-11-05 00:00:00+00,0.7486
2017-11-06 00:00:00+00,0.6378
2017-11-07 00:00:00+00,-0.1713
2017-11-08 00:00:00+00,0.8344
2017-11-09 00:00:00+00,2.2588
2017-11-10 00:00:00+00,1.0877
2017-11-11 00:00:00+00,1.1476
2017-11-12 00:00:00+00,1.6267
2017-11-13 00:00:00+00,0.7947
2017-11-14 00:00:00+00,1.0807
2017-11-15 00:00:00+00,0.4412
2017-11-16 00:00:00+00,0.7439
2017-11-17 00:00:00+00,-0.488
2017-11-18 00:00:00+00,0.4517
2017-11-19 00:00:00+00,0.1942
2017-11-20 00:00:00+00,-0.3138
2017-11-21 00:00:00+00,0.5299
2017-11-22 00:00:00+00,0.2214
2017-11-23 00:00:00+00,0.2061
2017-11-24 00:00:00+00,0.1395
2017-11-25 00:00:00+00,0.934
2017-11-26 00:00:00+00,1.0972
2017-11-27 00:00:00+00,2.992
2017-11-28 00:00:00+00,1.2302
2017-11-29 00:00:00+00,0.5275
2017-11-30 00:00:00+00,2.4043
2017-12-01 00:00:00+00,0.671
2017-12-02 00:00:00+00,0.8799
2017-12-03 00:00:00+00,0.2527
2017-12-04 00:00:00+00,1.1159
2017-12-05 00:00:00+00,0.6305
2017-12-06 00:00:00+00,0.1568
2017-12-07 00:00:00+00,4.0543
2017-12-08 00:00:00+00,4.7654
2017-12-09 00:00:00+00,3.0669
2017-12-10 00:00:00+00,4.4052
2017-12-11 00:00:00+00,2.2999
2017-12-12 00:00:00+00,1.7952
2017-12-13 00:00:00+00,8.4412
2017-12-14 00:00:00+00,4.1127
2017-12-15 00:00:00+00,2.5394
2017-12-16 00:00:00+00,1.2666
2017-12-17 00:00:00+00,2.771
2017-12-18 00:00:00+00,2.7516
2017-12-19 00:00:00+00,0.9692
2017-12-20 00:00:00+00,3.1427
2017-12-21 00:00:00+00,0.0994
2017-12-22 00:00:00+00,1.5777
2017-12-23 00:00:00+00,6.7749
2017-12-24 00:00:00+00,13.3526
2017-12-25 00:00:00+00,5.3476
2017-12-26 00:00:00+00,3.4502
2017-12-27 00:00:00+00,0.515
2017-12-28 00:00:00+00,-0.6466
2017-12-29 00:00:00+00,1.7668
2017-12-30 00:00:00+00,1.2939
2017-12-31 00:00:00+00,4.0087
2018-01-01 00:00:00+00,1.0753
2018-01-02 00:00:00+00,0.7311
2018-01-03 00:00:00+00,0.623
2018-01-04 00:00:00+00,1.1979
2018-01-05 00:00:00+00,0.5673
2018-01-06 00:00:00+00,-0.0022
2018-01-07 00:00:00+00,0.1711
2018-01-08 00:00:00+00,-0.2752
2018-01-09 00:00:00+00,0.6119
2018-01-10 00:00:00+00,0.5555
2018-01-11 00:00:00+00,-0.4339
2018-01-12 00:00:00+00,0.5235
2018-01-13 00:00:00+00,0.5095
2018-01-14 00:00:00+00,-0.1552
2018-01-15 00:00:00+00,1.3225
2018-01-16 00:00:00+00,0.6667
2018-01-17 00:00:00+00,6.147
2018-01-18 00:00:00+00,2.1148
2018-01-19 00:00:00+00,3.1526
2018-01-20 00:00:00+00,0.2093
2018-01-21 00:00:00+00,-0.2891
2018-01-22 00:00:00+00,-0.1026
2018-01-23 00:00:00+00,0.0618
2018-01-24 00:00:00+00,0.239
2018-01-25 00:00:00+00,0.0603
2018-01-26 00:00:00+00,-0.5964
2018-01-27 00:00:00+00,-0.0191
2018-01-28 00:00:00+00,-1.5737
2018-01-29 00:00:00+00,-2.8952
2018-01-30 00:00:00+00,-1.1298
2018-01-31 00:00:00+00,-2.2972
2018-02-01 00:00:00+00,-1.7998
2018-02-02 00:00:00+00,-2.2798
2018-02-03 00:00:00+00,-0.9637
2018-02-04 00:00:00+00,0.3026
2018-02-05 00:00:00+00,-0.1478
2018-02-06 00:00:00+00,-0.4961
2018-02-07 00:00:00+00,0.437
2018-02-08 00:00:00+00,-0.3058
2018-02-09 00:00:00+00,5.4965
2018-02-10 00:00:00+00,-0.1489
2018-02-11 00:00:00+00,0.1581
2018-02-12 00:00:00+00,0.1138
2018-02-13 00:00:00+00,-0.3452
2018-02-14 00:00:00+00,-0.1776
2018-02-15 00:00:00+00,0.2434
2018-02-16 00:00:00+00,0.3034
2018-02-17 00:00:00+00,0.1124
2018-02-18 00:00:00+00,0.7423
2018-02-19 00:00:00+00,0.0484
2018-02-20 00:00:00+00,-0.0638
2018-02-21 00:00:00+00,0.3618
2018-02-22 00:00:00+00,0.1419
2018-02-23 00:00:00+00,0.1472
2018-02-24 00:00:00+00,0.1377
2018-02-25 00:00:00+00,-0.0609
2018-02-26 00:00:00+00,0.1043
2018-02-27 00:00:00+00,-0.2035
2018-02-28 00:00:00+00,-0.2648
2018-03-01 00:00:00+00,-0.178
2018-03-02 00:00:00+00,-0.2511
2018-03-03 00:00:00+00,-0.3531
2018-03-04 00:00:00+00,-0.2788
2018-03-05 00:00:00+00,-0.3917
2018-03-06 00:00:00+00,-0.7289
2018-03-07 00:00:00+00,-0.1538
2018-03-08 00:00:00+00,0.1514
2018-03-09 00:00:00+00,0.4082
2018-03-10 00:00:00+00,0.2709
2018-03-11 00:00:00+00,0.2877
2018-03-12 00:00:00+00,0.0033
2018-03-13 00:00:00+00,-0.1242
2018-03-14 00:00:00+00,-0.071
2018-03-15 00:00:00+00,0.2812
2018-03-16 00:00:00+00,0.2308
2018-03-17 00:00:00+00,0.1706
2018-03-18 00:00:00+00,0.4292
2018-03-19 00:00:00+00,0.0366
2018-03-20 00:00:00+00,-0.0699
2018-03-21 00:00:00+00,-0.1118
2018-03-22 00:00:00+00,0.0787
2018-03-23 00:00:00+00,-0.0563
2018-03-24 00:00:00+00,0.3345
2018-03-25 00:00:00+00,0.0083
2018-03-26 00:00:00+00,-0.2024
2018-03-27 00:00:00+00,0.1324
2018-03-28 00:00:00+00,-0.0244
2018-03-29 00:00:00+00,-0.0826
2018-03-30 00:00:00+00,-0.1433
2018-03-31 00:00:00+00,0.1136
2018-04-01 00:00:00+00,0.0939
2018-04-02 00:00:00+00,0.044
2018-04-03 00:00:00+00,-0.2684
2018-04-04 00:00:00+00,0.266
2018-04-05 00:00:00+00,-0.065
2018-04-06 00:00:00+00,0.2343
2018-04-07 00:00:00+00,0.2669
2018-04-08 00:00:00+00,-0.0261
2018-04-09 00:00:00+00,0.1279
2018-04-10 00:00:00+00,-0.1535
2018-04-11 00:00:00+00,-0.2129
2018-04-12 00:00:00+00,-0.155
2018-04-13 00:00:00+00,-0.0884
2018-04-14 00:00:00+00,0.1994
2018-04-15 00:00:00+00,-0.011
2018-04-16 00:00:00+00,0.002
2018-04-17 00:00:00+00,-0.1984
2018-04-18 00:00:00+00,0.0146
2018-04-19 00:00:00+00,-0.2684
2018-04-20 00:00:00+00,0.0019
2018-04-21 00:00:00+00,0.1598
2018-04-22 00:00:00+00,0.0012
2018-04-23 00:00:00+00,0.1059
2018-04-24 00:00:00+00,-0.0301
2018-04-25 00:00:00+00,0.2707
2018-04-26 00:00:00+00,-0.0452
2018-04-27 00:00:00+00,0.0549
2018-04-28 00:00:00+00,0.0809
2018-04-29 00:00:00+00,-0.1927
2018-04-30 00:00:00+00,-0.2977
2018-05-01 00:00:00+00,-0.0236
2018-05-02 00:00:00+00,0.0089
2018-05-03 00:00:00+00,-0.62
2018-05-04 00:00:00+00,-0.2488
2018-05-05 00:00:00+00,-0.2985
2018-05-06 00:00:00+00,-0.6488
2018-05-07 00:00:00+00,-0.6316
2018-05-08 00:00:00+00,-0.0934
2018-05-09 00:00:00+00,-0.0021
2018-05-10 00:00:00+00,-0.1066
2018-05-11 00:00:00+00,0.0922
2018-05-12 00:00:00+00,-0.031
2018-05-13 00:00:00+00,-0.0133
2018-05-14 00:00:00+00,0.0736
2018-05-15 00:00:00+00,0.0765
2018-05-16 00:00:00+00,0.1828
2018-05-17 00:00:00+00,0.1682
2018-05-18 00:00:00+00,0.251
2018-05-19 00:00:00+00,0.0061
2018-05-20 00:00:00+00,0.0256
2018-05-21 00:00:00+00,-0.1186
2018-05-22 00:00:00+00,0.078
2018-05-23 00:00:00+00,0.1326
2018-05-24 00:00:00+00,0.0408
2018-05-25 00:00:00+00,0.0681
2018-05-26 00:00:00+00,0.0284
2018-05-27 00:00:00+00,0.0537
2018-05-28 00:00:00+00,0.1042
2018-05-29 00:00:00+00,0.1259
2018-05-30 00:00:00+00,-0.1069
2018-05-31 00:00:00+00,-0.028
2018-06-01 00:00:00+00,-0.0001
2018-06-02 00:00:00+00,-0.089
2018-06-03 00:00:00+00,-0.0052
2018-06-04 00:00:00+00,-0.1023
2018-06-05 00:00:00+00,0.0049
2018-06-06 00:00:00+00,-0.1853
2018-06-07 00:00:00+00,-0.0495
2018-06-08 00:00:00+00,-0.08
2018-06-09 00:00:00+00,0.1652
2018-06-10 00:00:00+00,0.0625
2018-06-11 00:00:00+00,0.0785
2018-06-12 00:00:00+00,0.131
2018-06-13 00:00:00+00,0.2982
2018-06-14 00:00:00+00,0.1516
2018-06-15 00:00:00+00,-0.0027
2018-06-16 00:00:00+00,0.1755
2018-06-17 00:00:00+00,0.0278
2018-06-18 00:00:00+00,0.048
2018-06-19 00:00:00+00,-0.0328
2018-06-20 00:00:00+00,-0.0533
2018-06-21 00:00:00+00,-0.0543
2018-06-22 00:00:00+00,0.0196
2018-06-23 00:00:00+00,0.2299
2018-06-24 00:00:00+00,0.4603
2018-06-25 00:00:00+00,0.1963
2018-06-26 00:00:00+00,-0.0958
2018-06-27 00:00:00+00,0.1339
2018-06-28 00:00:00+00,-0.0419
2018-06-29 00:00:00+00,-0.013
2018-06-30 00:00:00+00,0.0716
2018-07-01 00:00:00+00,-0.1235
2018-07-02 00:00:00+00,-0.178
2018-07-03 00:00:00+00,-0.0529
2018-07-04 00:00:00+00,-0.1289
2018-07-05 00:00:00+00,0.0293
2018-07-06 00:00:00+00,0.0576
2018-07-07 00:00:00+00,-0.1483
2018-07-08 00:00:00+00,-0.0028
2018-07-09 00:00:00+00,-0.1509
2018-07-10 00:00:00+00,0.0185
2018-07-11 00:00:00+00,0.1077
2018-07-12 00:00:00+00,0.1877
2018-07-13 00:00:00+00,-0.0755
2018-07-14 00:00:00+00,0.0277
2018-07-15 00:00:00+00,-0.036
2018-07-16 00:00:00+00,-0.0853
2018-07-17 00:00:00+00,0.0814
2018-07-18 00:00:00+00,-0.0333
2018-07-19 00:00:00+00,-0.0391
2018-07-20 00:00:00+00,0.0154
2018-07-21 00:00:00+00,-0.041
2018-07-22 00:00:00+00,0.1183
2018-07-23 00:00:00+00,0.0706
2018-07-24 00:00:00+00,-0.0203
2018-07-25 00:00:00+00,-0.0857
2018-07-26 00:00:00+00,-0.226
2018-07-27 00:00:00+00,0.1515
2018-07-28 00:00:00+00,-0.0724
2018-07-29 00:00:00+00,0.0284
2018-07-30 00:00:00+00,0.065
2018-07-31 00:00:00+00,-0.0171
2018-08-01 00:00:00+00,-0.1085
2018-08-02 00:00:00+00,0.0514
2018-08-03 00:00:00+00,0.1091
2018-08-04 00:00:00+00,0.0244
2018-08-05 00:00:00+00,-0.069
2018-08-06 00:00:00+00,0.0827
2018-08-07 00:00:00+00,0.0433
2018-08-08 00:00:00+00,-0.0359
2018-08-09 00:00:00+00,-0.0123
2018-08-10 00:00:00+00,0.2553
2018-08-11 00:00:00+00,-0.0345
2018-08-12 00:00:00+00,0.2161
2018-08-13 00:00:00+00,0.1179
2018-08-14 00:00:00+00,0.0867
2018-08-15 00:00:00+00,0.1118
2018-08-16 00:00:00+00,0.0597
2018-08-17 00:00:00+00,-0.0016
2018-08-18 00:00:00+00,0.0982
2018-08-19 00:00:00+00,0.1357
2018-08-20 00:00:00+00,0.1853
2018-08-21 00:00:00+00,0.1238
2018-08-22 00:00:00+00,-0.0631
2018-08-23 00:00:00+00,-0.0405
2018-08-24 00:00:00+00,0.0208
2018-08-25 00:00:00+00,0.0583
2018-08-26 00:00:00+00,0.0576
2018-08-27 00:00:00+00,0.149
2018-08-28 00:00:00+00,0.0672
2018-08-29 00:00:00+00,-0.0846
2018-08-30 00:00:00+00,-0.0326
2018-08-31 00:00:00+00,-0.0263
2018-09-01 00:00:00+00,0.0542
2018-09-02 00:00:00+00,-0.1458
2018-09-03 00:00:00+00,-0.096
2018-09-04 00:00:00+00,-0.0898
2018-09-05 00:00:00+00,0.0128
2018-09-06 00:00:00+00,-0.139
2018-09-07 00:00:00+00,-0.3351
2018-09-08 00:00:00+00,-0.0083
2018-09-09 00:00:00+00,0.0475
2018-09-10 00:00:00+00,-0.2757
2018-09-11 00:00:00+00,-0.19
2018-09-12 00:00:00+00,-0.1664
2018-09-13 00:00:00+00,-0.1991
2018-09-14 00:00:00+00,-0.0216
2018-09-15 00:00:00+00,0.0219
2018-09-16 00:00:00+00,0.0571
2018-09-17 00:00:00+00,-0.032
2018-09-18 00:00:00+00,0.0323
2018-09-19 00:00:00+00,-0.011
2018-09-20 00:00:00+00,-0.079
2018-09-21 00:00:00+00,0.0171
2018-09-22 00:00:00+00,-0.1333
2018-09-23 00:00:00+00,-0.2337
2018-09-24 00:00:00+00,-0.1464
2018-09-25 00:00:00+00,0.0102
2018-09-26 00:00:00+00,-0.1569
2018-09-27 00:00:00+00,-0.1885
2018-09-28 00:00:00+00,-0.1362
2018-09-29 00:00:00+00,-0.2196
2018-09-30 00:00:00+00,-0.2525
2018-10-01 00:00:00+00,-0.3255
2018-10-02 00:00:00+00,-0.5623
2018-10-03 00:00:00+00,-0.4186
2018-10-04 00:00:00+00,-0.6756
2018-10-05 00:00:00+00,-0.6711
2018-10-06 00:00:00+00,-0.6286
2018-10-07 00:00:00+00,-0.6673
2018-10-08 00:00:00+00,-0.6843
2018-10-09 00:00:00+00,-0.9813
2018-10-10 00:00:00+00,-1.0094
2018-10-11 00:00:00+00,-1.5935
2018-10-12 00:00:00+00,-1.5678
2018-10-13 00:00:00+00,-1.7464
2018-10-14 00:00:00+00,-2.1619
2018-10-15 00:00:00+00,-2.458
2018-10-16 00:00:00+00,-4.6215
2018-10-17 00:00:00+00,-4.5198
2018-10-18 00:00:00+00,-4.3822
2018-10-19 00:00:00+00,-3.3842
2018-10-20 00:00:00+00,-2.2345
2018-10-21 00:00:00+00,-2.6076
2018-10-22 00:00:00+00,-2.6441
2018-10-23 00:00:00+00,-2.6372
2018-10-24 00:00:00+00,-2.4167
2018-10-25 00:00:00+00,-2.297
2018-10-26 00:00:00+00,-2.0304
2018-10-27 00:00:00+00,-2.0457
2018-10-28 00:00:00+00,-1.4832
2018-10-29 00:00:00+00,-1.3298
2018-10-30 00:00:00+00,-1.2373
2018-10-31 00:00:00+00,-0.9855
2018-11-01 00:00:00+00,-1.0258
2018-11-02 00:00:00+00,-1.0296
2018-11-03 00:00:00+00,-1.2903
2018-11-04 00:00:00+00,-0.8773
2018-11-05 00:00:00+00,-0.9646
2018-11-06 00:00:00+00,-1.0046
2018-11-07 00:00:00+00,-1.138
2018-11-08 00:00:00+00,-1.1453
2018-11-09 00:00:00+00,-1.1358
2018-11-10 00:00:00+00,-1.3255
2018-11-11 00:00:00+00,-1.3634
2018-11-12 00:00:00+00,-1.4434
2018-11-13 00:00:00+00,-1.919
2018-11-14 00:00:00+00,-3.0907
2018-11-15 00:00:00+00,-5.276
2018-11-16 00:00:00+00,-3.0847
2018-11-17 00:00:00+00,-2.4477
2018-11-18 00:00:00+00,-2.2582
2018-11-19 00:00:00+00,-1.8004
2018-11-20 00:00:00+00,-3.5969
2018-11-21 00:00:00+00,-4.62
2018-11-22 00:00:00+00,-2.4878
2018-11-23 00:00:00+00,-2.3501
2018-11-24 00:00:00+00,-2.9855
2018-11-25 00:00:00+00,-4.0339
2018-11-26 00:00:00+00,-3.7173
2018-11-27 00:00:00+00,-3.453
2018-11-28 00:00:00+00,-2.5962
2018-11-29 00:00:00+00,-0.8728
2018-11-30 00:00:00+00,-1.1111
2018-12-01 00:00:00+00,-1.6148
2018-12-02 00:00:00+00,-1.1685
2018-12-03 00:00:00+00,-1.388
2018-12-04 00:00:00+00,-1.3203
2018-12-05 00:00:00+00,-1.2437
2018-12-06 00:00:00+00,-1.965
2018-12-07 00:00:00+00,-2.1503
2018-12-08 00:00:00+00,-0.6925
2018-12-09 00:00:00+00,-0.3037
2018-12-10 00:00:00+00,-0.4878
2018-12-11 00:00:00+00,-0.6948
2018-12-12 00:00:00+00,-0.857
2018-12-13 00:00:00+00,-0.4683
2018-12-14 00:00:00+00,-1.1223
2018-12-15 00:00:00+00,-0.9141
2018-12-16 00:00:00+00,-0.8936
2018-12-17 00:00:00+00,-1.06
2018-12-18 00:00:00+00,-0.34
2018-12-19 00:00:00+00,0.4041
2018-12-20 00:00:00+00,0.6148
2018-12-21 00:00:00+00,0.5792
2018-12-22 00:00:00+00,-0.0258
2018-12-23 00:00:00+00,0.8187
2018-12-24 00:00:00+00,0.3871
2018-12-25 00:00:00+00,0.5957
2018-12-26 00:00:00+00,0.9195
2018-12-27 00:00:00+00,0.8508
2018-12-28 00:00:00+00,0.6166
2018-12-29 00:00:00+00,1.2654
2018-12-30 00:00:00+00,0.8819
2018-12-31 00:00:00+00,0.6805
2019-01-01 00:00:00+00,-0.2529
2019-01-02 00:00:00+00,0.781
2019-01-03 00:00:00+00,0.8614
2019-01-04 00:00:00+00,0.5407
2019-01-05 00:00:00+00,0.8108
2019-01-06 00:00:00+00,0.7656
2019-01-07 00:00:00+00,1.3381
2019-01-08 00:00:00+00,0.7345
2019-01-09 00:00:00+00,0.9708
2019-01-10 00:00:00+00,0.9599
2019-01-11 00:00:00+00,1.1222
2019-01-12 00:00:00+00,0.928
2019-01-13 00:00:00+00,0.9843
2019-01-14 00:00:00+00,1.0548
2019-01-15 00:00:00+00,1.0507
2019-01-16 00:00:00+00,0.7636
2019-01-17 00:00:00+00,0.4975
2019-01-18 00:00:00+00,0.7561
2019-01-19 00:00:00+00,0.3611
2019-01-20 00:00:00+00,0.4842
2019-01-21 00:00:00+00,-0.048
2019-01-22 00:00:00+00,0.1381
2019-01-23 00:00:00+00,0.1857
2019-01-24 00:00:00+00,0.0011
2019-01-25 00:00:00+00,-0.0028
2019-01-26 00:00:00+00,-0.1267
2019-01-27 00:00:00+00,-0.2678
2019-01-28 00:00:00+00,-0.536
2019-01-29 00:00:00+00,-0.1179
2019-01-30 00:00:00+00,-0.4193
2019-01-31 00:00:00+00,-0.577
2019-02-01 00:00:00+00,-0.6581
2019-02-02 00:00:00+00,-0.7134
2019-02-03 00:00:00+00,-1.0168
2019-02-04 00:00:00+00,-1.2267
2019-02-05 00:00:00+00,-1.5491
2019-02-06 00:00:00+00,-1.2432
2019-02-07 00:00:00+00,-1.2031
2019-02-08 00:00:00+00,-1.1597
2019-02-09 00:00:00+00,-1.0456
2019-02-10 00:00:00+00,-1.1309
2019-02-11 00:00:00+00,-0.8397
2019-02-12 00:00:00+00,-1.1206
2019-02-13 00:00:00+00,-1.1965
2019-02-14 00:00:00+00,-0.8771
2019-02-15 00:00:00+00,-0.8099
2019-02-16 00:00:00+00,-0.9965
2019-02-17 00:00:00+00,-0.9634
2019-02-18 00:00:00+00,-1.1599
2019-02-19 00:00:00+00,-0.7787
2019-02-20 00:00:00+00,-0.4858
2019-02-21 00:00:00+00,-0.7744
2019-02-22 00:00:00+00,-1.0058
2019-02-23 00:00:00+00,-0.5043
2019-02-24 00:00:00+00,-0.1943
2019-02-25 00:00:00+00,-0.2492
2019-02-26 00:00:00+00,-0.2523
2019-02-27 00:00:00+00,-0.2578
2019-02-28 00:00:00+00,-0.4633
2019-03-01 00:00:00+00,-0.5799
2019-03-02 00:00:00+00,-0.4186
2019-03-03 00:00:00+00,-0.2689
2019-03-04 00:00:00+00,-0.5355
2019-03-05 00:00:00+00,-0.4327
2019-03-06 00:00:00+00,-0.3367
2019-03-07 00:00:00+00,-0.2576
2019-03-08 00:00:00+00,-0.4283
2019-03-09 00:00:00+00,-0.576
2019-03-10 00:00:00+00,-0.6702
2019-03-11 00:00:00+00,-0.3846
2019-03-12 00:00:00+00,-0.5667
2019-03-13 00:00:00+00,-0.5844
2019-03-14 00:00:00+00,-0.3875
2019-03-15 00:00:00+00,-0.5976
2019-03-16 00:00:00+00,-0.5519
2019-03-17 00:00:00+00,-0.3989
2019-03-18 00:00:00+00,-0.3727
2019-03-19 00:00:00+00,-0.4551
2019-03-20 00:00:00+00,-0.4139
2019-03-21 00:00:00+00,-0.2562
2019-03-22 00:00:00+00,-0.2032
2019-03-23 00:00:00+00,-0.1033
2019-03-24 00:00:00+00,-0.5881
2019-03-25 00:00:00+00,-0.5469
2019-03-26 00:00:00+00,-0.7097
2019-03-27 00:00:00+00,-0.6675
2019-03-28 00:00:00+00,-0.3228
2019-03-29 00:00:00+00,-0.4032
2019-03-30 00:00:00+00,-0.3223
2019-03-31 00:00:00+00,-0.3129
2019-04-01 00:00:00+00,-0.1814
2019-04-02 00:00:00+00,-0.1817
2019-04-03 00:00:00+00,0.9209
2019-04-04 00:00:00+00,0.8624
2019-04-05 00:00:00+00,0.1894
2019-04-06 00:00:00+00,0.7191
2019-04-07 00:00:00+00,0.141
2019-04-08 00:00:00+00,0.4737
2019-04-09 00:00:00+00,0.9247
2019-04-10 00:00:00+00,0.7225
2019-04-11 00:00:00+00,0.2668
2019-04-12 00:00:00+00,0.4532
2019-04-13 00:00:00+00,0.618
2019-04-14 00:00:00+00,0.3481
2019-04-15 00:00:00+00,0.634
2019-04-16 00:00:00+00,0.1003
2019-04-17 00:00:00+00,0.5313
2019-04-18 00:00:00+00,0.4727
2019-04-19 00:00:00+00,0.4195
2019-04-20 00:00:00+00,0.6026
2019-04-21 00:00:00+00,0.5099
2019-04-22 00:00:00+00,0.7652
2019-04-23 00:00:00+00,0.5686
2019-04-24 00:00:00+00,0.762
2019-04-25 00:00:00+00,0.4726
2019-04-26 00:00:00+00,-1.6407
2019-04-27 00:00:00+00,-2.9257
2019-04-28 00:00:00+00,-2.3376
2019-04-29 00:00:00+00,-2.9155
2019-04-30 00:00:00+00,-1.7161
2019-05-01 00:00:00+00,-0.9632
2019-05-02 00:00:00+00,-1.1527
2019-05-03 00:00:00+00,-1.9074
2019-05-04 00:00:00+00,-1.9618
2019-05-05 00:00:00+00,-1.0261
2019-05-06 00:00:00+00,-0.9929
2019-05-07 00:00:00+00,-1.0786
2019-05-08 00:00:00+00,-1.674
2019-05-09 00:00:00+00,-0.6625
2019-05-10 00:00:00+00,-0.9156
2019-05-11 00:00:00+00,-0.5046
2019-05-12 00:00:00+00,1.9612
2019-05-13 00:00:00+00,0.1579
2019-05-14 00:00:00+00,0.3497
2019-05-15 00:00:00+00,0.5747
2019-05-16 00:00:00+00,0.4193
2019-05-17 00:00:00+00,0.1617
2019-05-18 00:00:00+00,0.1165
2019-05-19 00:00:00+00,0.0699
2019-05-20 00:00:00+00,0.5695
2019-05-21 00:00:00+00,0.7784
2019-05-22 00:00:00+00,0.5973
2019-05-23 00:00:00+00,-0.0728
2019-05-24 00:00:00+00,0.3594
2019-05-25 00:00:00+00,0.4667
2019-05-26 00:00:00+00,0.507
2019-05-27 00:00:00+00,1.391
2019-05-28 00:00:00+00,0.2259
2019-05-29 00:00:00+00,-0.0173
2019-05-30 00:00:00+00,0.1844
2019-05-31 00:00:00+00,0.1523
2019-06-01 00:00:00+00,-0.011
2019-06-02 00:00:00+00,0.1603
2019-06-03 00:00:00+00,0.1209
2019-06-04 00:00:00+00,-0.132
2019-06-05 00:00:00+00,-0.2078
2019-06-06 00:00:00+00,0.1193
2019-06-07 00:00:00+00,0.2238
2019-06-08 00:00:00+00,0.2405
2019-06-09 00:00:00+00,0.4415
2019-06-10 00:00:00+00,0.0981
2019-06-11 00:00:00+00,0.4348
2019-06-12 00:00:00+00,0.3645
2019-06-13 00:00:00+00,0.5954
2019-06-14 00:00:00+00,0.2751
2019-06-15 00:00:00+00,0.5383
2019-06-16 00:00:00+00,0.5148
2019-06-17 00:00:00+00,0.2544
2019-06-18 00:00:00+00,0.225
2019-06-19 00:00:00+00,-0.0384
2019-06-20 00:00:00+00,0.2571
2019-06-21 00:00:00+00,0.1382
2019-06-22 00:00:00+00,0.7454
2019-06-23 00:00:00+00,-0.5791
2019-06-24 00:00:00+00,-0.6689
2019-06-25 00:00:00+00,-0.2333
2019-06-26 00:00:00+00,-0.567
2019-06-27 00:00:00+00,-1.305
2019-06-28 00:00:00+00,-1.5066
2019-06-29 00:00:00+00,-0.3759
2019-06-30 00:00:00+00,-0.2797
2019-07-01 00:00:00+00,-0.8553
2019-07-02 00:00:00+00,-0.4393
2019-07-03 00:00:00+00,-0.1456
2019-07-04 00:00:00+00,0.3016
2019-07-05 00:00:00+00,-0.07
2019-07-06 00:00:00+00,0.1145
2019-07-07 00:00:00+00,-0.1659
2019-07-08 00:00:00+00,0.5648
2019-07-09 00:00:00+00,0.4477
2019-07-10 00:00:00+00,0.1881
2019-07-11 00:00:00+00,-0.0878
2019-07-12 00:00:00+00,0.0501
2019-07-13 00:00:00+00,0.3429
2019-07-14 00:00:00+00,0.1258
2019-07-15 00:00:00+00,0.1644
2019-07-16 00:00:00+00,0.2089
2019-07-17 00:00:00+00,-0.0039
2019-07-18 00:00:00+00,0.2847
2019-07-19 00:00:00+00,0.2269
2019-07-20 00:00:00+00,0.2964
2019-07-21 00:00:00+00,0.1933
2019-07-22 00:00:00+00,0.0053
2019-07-23 00:00:00+00,-0.1832
2019-07-24 00:00:00+00,-0.161
2019-07-25 00:00:00+00,0.0941
2019-07-26 00:00:00+00,-0.0131
2019-07-27 00:00:00+00,0.1934
2019-07-28 00:00:00+00,-0.1007
2019-07-29 00:00:00+00,-0.0895
2019-07-30 00:00:00+00,-0.1037
2019-07-31 00:00:00+00,0.1463
2019-08-01 00:00:00+00,0.0936
2019-08-02 00:00:00+00,0.2835
2019-08-03 00:00:00+00,0.0938
2019-08-04 00:00:00+00,0.0484
2019-08-05 00:00:00+00,0.4391
2019-08-06 00:00:00+00,-0.1543
2019-08-07 00:00:00+00,-0.1411
2019-08-08 00:00:00+00,0.0699
2019-08-09 00:00:00+00,-0.0982
2019-08-10 00:00:00+00,-0.163
2019-08-11 00:00:00+00,-0.2501
2019-08-12 00:00:00+00,0.0146
2019-08-13 00:00:00+00,-0.0798
2019-08-14 00:00:00+00,-0.3529
2019-08-15 00:00:00+00,-0.3384
2019-08-16 00:00:00+00,0.0315
2019-08-17 00:00:00+00,0.2094
2019-08-18 00:00:00+00,0.019
2019-08-19 00:00:00+00,0.0903
2019-08-20 00:00:00+00,0.0294
2019-08-21 00:00:00+00,0.0742
2019-08-22 00:00:00+00,-0.0738
2019-08-23 00:00:00+00,0.0565
2019-08-24 00:00:00+00,0.2435
2019-08-25 00:00:00+00,0.1321
2019-08-26 00:00:00+00,-0.0068
2019-08-27 00:00:00+00,-0.1152
2019-08-28 00:00:00+00,-0.1349
2019-08-29 00:00:00+00,-0.0719
2019-08-30 00:00:00+00,-0.0443
2019-08-31 00:00:00+00,-0.0035
2019-09-01 00:00:00+00,0.1264
2019-09-02 00:00:00+00,0.4425
2019-09-03 00:00:00+00,0.399
2019-09-04 00:00:00+00,0.1567
2019-09-05 00:00:00+00,0.1507
2019-09-06 00:00:00+00,0.1056
2019-09-07 00:00:00+00,0.0989
2019-09-08 00:00:00+00,0.2723
2019-09-09 00:00:00+00,0.1916
2019-09-10 00:00:00+00,0.0721
2019-09-11 00:00:00+00,-0.0514
2019-09-12 00:00:00+00,0.0006
2019-09-13 00:00:00+00,0.0849
2019-09-14 00:00:00+00,0.2108
2019-09-15 00:00:00+00,0.2632
2019-09-16 00:00:00+00,0.0031
2019-09-17 00:00:00+00,0.1255
2019-09-18 00:00:00+00,-0.0202
2019-09-19 00:00:00+00,-0.0019
2019-09-20 00:00:00+00,0.3057
2019-09-21 00:00:00+00,0.0091
2019-09-22 00:00:00+00,-0.1118
2019-09-23 00:00:00+00,-0.0126
2019-09-24 00:00:00+00,-0.0872
2019-09-25 00:00:00+00,0.382
2019-09-26 00:00:00+00,0.0985
2019-09-27 00:00:00+00,-0.0433
2019-09-28 00:00:00+00,0.202
2019-09-29 00:00:00+00,0.2206
2019-09-30 00:00:00+00,0.1374
2019-10-01 00:00:00+00,0.1807
2019-10-02 00:00:00+00,0.3521
2019-10-03 00:00:00+00,0.2598
2019-10-04 00:00:00+00,0.2048
2019-10-05 00:00:00+00,0.2407
2019-10-06 00:00:00+00,0.2471
2019-10-07 00:00:00+00,0.0572
2019-10-08 00:00:00+00,0.2218
2019-10-09 00:00:00+00,0.1127
2019-10-10 00:00:00+00,0.3254
2019-10-11 00:00:00+00,0.3467
2019-10-12 00:00:00+00,0.0614
2019-10-13 00:00:00+00,0.0849
2019-10-14 00:00:00+00,0.0933
2019-10-15 00:00:00+00,0.0975
2019-10-16 00:00:00+00,0.0385
2019-10-17 00:00:00+00,0.0099
2019-10-18 00:00:00+00,0.0772
2019-10-19 00:00:00+00,0.0914
2019-10-20 00:00:00+00,0.1937
2019-10-21 00:00:00+00,0.1531
2019-10-22 00:00:00+00,0.1542
2019-10-23 00:00:00+00,0.0491
2019-10-24 00:00:00+00,0.0947
2019-10-25 00:00:00+00,0.249
2019-10-26 00:00:00+00,0.14
2019-10-27 00:00:00+00,0.3248
2019-10-28 00:00:00+00,0.2903
2019-10-29 00:00:00+00,0.2239
2019-10-30 00:00:00+00,0.2523
2019-10-31 00:00:00+00,0.1139
2019-11-01 00:00:00+00,0.209
2019-11-02 00:00:00+00,0.235
2019-11-03 00:00:00+00,0.201
2019-11-04 00:00:00+00,0.1094
2019-11-05 00:00:00+00,0.2154
2019-11-06 00:00:00+00,0.1543
2019-11-07 00:00:00+00,0.0226
2019-11-08 00:00:00+00,-0.1644
2019-11-09 00:00:00+00,-0.1223
2019-11-10 00:00:00+00,-0.0146
2019-11-11 00:00:00+00,-0.0877
2019-11-12 00:00:00+00,-0.1355
2019-11-13 00:00:00+00,-0.1237
2019-11-14 00:00:00+00,-0.2187
2019-11-15 00:00:00+00,-0.1893
2019-11-16 00:00:00+00,-0.1669
2019-11-17 00:00:00+00,-0.1147
2019-11-18 00:00:00+00,-0.022
2019-11-19 00:00:00+00,-0.2157
2019-11-20 00:00:00+00,-0.1287
2019-11-21 00:00:00+00,-0.1925
2019-11-22 00:00:00+00,-0.1483
2019-11-23 00:00:00+00,0.2058
2019-11-24 00:00:00+00,0.2488
2019-11-25 00:00:00+00,0.1219
2019-11-26 00:00:00+00,0.2394
2019-11-27 00:00:00+00,0.1107
2019-11-28 00:00:00+00,0.2242
2019-11-29 00:00:00+00,0.1872
2019-11-30 00:00:00+00,0.2454
2019-12-01 00:00:00+00,0.2028
2019-12-02 00:00:00+00,0.1871
2019-12-03 00:00:00+00,0.1452
2019-12-04 00:00:00+00,0.1403
2019-12-05 00:00:00+00,0.0613
2019-12-06 00:00:00+00,0.0616
2019-12-07 00:00:00+00,0.1854
2019-12-08 00:00:00+00,0.1989
2019-12-09 00:00:00+00,0.1317
2019-12-10 00:00:00+00,-0.0154
2019-12-11 00:00:00+00,-0.0662
2019-12-12 00:00:00+00,-0.1215
2019-12-13 00:00:00+00,-0.1646
2019-12-14 00:00:00+00,-0.1029
2019-12-15 00:00:00+00,-0.0173
2019-12-16 00:00:00+00,-0.1208
2019-12-17 00:00:00+00,-0.209
2019-12-18 00:00:00+00,-0.109
2019-12-19 00:00:00+00,0.1404
2019-12-20 00:00:00+00,-0.0305
2019-12-21 00:00:00+00,0.0277
2019-12-22 00:00:00+00,0.1601
2019-12-23 00:00:00+00,0.187
2019-12-24 00:00:00+00,-0.089
2019-12-25 00:00:00+00,-0.0105
2019-12-26 00:00:00+00,-0.1789
2019-12-27 00:00:00+00,-0.1093
2019-12-28 00:00:00+00,-0.1232
2019-12-29 00:00:00+00,-0.1735
2019-12-30 00:00:00+00,-0.0522
2019-12-31 00:00:00+00,-0.3863
2020-01-01 00:00:00+00,-0.4103
2020-01-02 00:00:00+00,-0.3672
2020-01-03 00:00:00+00,-0.2939
2020-01-04 00:00:00+00,-0.1436
2020-01-05 00:00:00+00,-0.0756
2020-01-06 00:00:00+00,-0.0304
2020-01-07 00:00:00+00,0.0739
2020-01-08 00:00:00+00,0.173
2020-01-09 00:00:00+00,-0.0865
2020-01-10 00:00:00+00,-0.0507
2020-01-11 00:00:00+00,-0.0094
2020-01-12 00:00:00+00,-0.0317
2020-01-13 00:00:00+00,-0.0508
2020-01-14 00:00:00+00,-0.0584
2020-01-15 00:00:00+00,-0.0234
2020-01-16 00:00:00+00,-0.127
2020-01-17 00:00:00+00,-0.0617
2020-01-18 00:00:00+00,-0.1554
2020-01-19 00:00:00+00,-0.0689
2020-01-20 00:00:00+00,-0.0482
2020-01-21 00:00:00+00,-0.1557
2020-01-22 00:00:00+00,-0.1604
2020-01-23 00:00:00+00,-0.2579
2020-01-24 00:00:00+00,-0.2298
2020-01-25 00:00:00+00,-0.1352
2020-01-26 00:00:00+00,-0.1584
2020-01-27 00:00:00+00,-0.2251
2020-01-28 00:00:00+00,-0.1305
2020-01-29 00:00:00+00,0.1685
2020-01-30 00:00:00+00,-0.147
2020-01-31 00:00:00+00,-0.0926
2020-02-01 00:00:00+00,-0.1789
2020-02-02 00:00:00+00,-0.0451
2020-02-03 00:00:00+00,-0.0705
2020-02-04 00:00:00+00,-0.1169
2020-02-05 00:00:00+00,-0.3554
2020-02-06 00:00:00+00,0.0196
2020-02-07 00:00:00+00,-0.092
2020-02-08 00:00:00+00,-0.0606
2020-02-09 00:00:00+00,0.1071
2020-02-10 00:00:00+00,0.1639
2020-02-11 00:00:00+00,0.0004
2020-02-12 00:00:00+00,0.4591
2020-02-13 00:00:00+00,0.2499
2020-02-14 00:00:00+00,0.0852
2020-02-15 00:00:00+00,0.2607
2020-02-16 00:00:00+00,0.0683
2020-02-17 00:00:00+00,0.0991
2020-02-18 00:00:00+00,-0.0618
2020-02-19 00:00:00+00,0.2288
2020-02-20 00:00:00+00,-0.0122
2020-02-21 00:00:00+00,0.1338
2020-02-22 00:00:00+00,0.1923
2020-02-23 00:00:00+00,0.1801
2020-02-24 00:00:00+00,0.2878
2020-02-25 00:00:00+00,0.0464
2020-02-26 00:00:00+00,-0.1233
2020-02-27 00:00:00+00,-0.0876
2020-02-28 00:00:00+00,-0.0946
2020-02-29 00:00:00+00,0.2049
2020-03-01 00:00:00+00,-0.0033
2020-03-02 00:00:00+00,-0.0938
2020-03-03 00:00:00+00,0.0901
2020-03-04 00:00:00+00,-0.0256
2020-03-05 00:00:00+00,0.1028
2020-03-06 00:00:00+00,0.1716
2020-03-07 00:00:00+00,0.3025
2020-03-08 00:00:00+00,0.1813
2020-03-09 00:00:00+00,0.037
2020-03-10 00:00:00+00,0.0591
2020-03-11 00:00:00+00,0.0014
2020-03-12 00:00:00+00,0.0437
2020-03-13 00:00:00+00,1.1894
2020-03-14 00:00:00+00,0.9842
2020-03-15 00:00:00+00,-0.2189
2020-03-16 00:00:00+00,-0.2513
2020-03-17 00:00:00+00,0.2205
2020-03-18 00:00:00+00,0.359
2020-03-19 00:00:00+00,0.3823
2020-03-20 00:00:00+00,0.3533
2020-03-21 00:00:00+00,0.0951
2020-03-22 00:00:00+00,0.1875
2020-03-23 00:00:00+00,-0.0139
2020-03-24 00:00:00+00,0.4382
2020-03-25 00:00:00+00,0.316
2020-03-26 00:00:00+00,0.214
2020-03-27 00:00:00+00,0.3374
2020-03-28 00:00:00+00,0.2084
2020-03-29 00:00:00+00,0.2373
2020-03-30 00:00:00+00,-0.0258
2020-03-31 00:00:00+00,0.1869
2020-04-01 00:00:00+00,0.1853
2020-04-02 00:00:00+00,0.3424
2020-04-03 00:00:00+00,0.1528
2020-04-04 00:00:00+00,0.134
2020-04-05 00:00:00+00,0.2532
2020-04-06 00:00:00+00,0.0865
2020-04-07 00:00:00+00,0.1589
2020-04-08 00:00:00+00,0.0374
2020-04-09 00:00:00+00,0.1375
2020-04-10 00:00:00+00,0.133
2020-04-11 00:00:00+00,0.1882
2020-04-12 00:00:00+00,0.1882
2020-04-13 00:00:00+00,0.0627
2020-04-14 00:00:00+00,0.3286
2020-04-15 00:00:00+00,0.1216
2020-04-16 00:00:00+00,0.0358
2020-04-17 00:00:00+00,0.1798
2020-04-18 00:00:00+00,0.1376
2020-04-19 00:00:00+00,0.1854
2020-04-20 00:00:00+00,0.1306
2020-04-21 00:00:00+00,0.1207
2020-04-22 00:00:00+00,0.1799
2020-04-23 00:00:00+00,0.1641
2020-04-24 00:00:00+00,0.1007
2020-04-25 00:00:00+00,0.1331
2020-04-26 00:00:00+00,0.1138
2020-04-27 00:00:00+00,0.1729
2020-04-28 00:00:00+00,0.2092
2020-04-29 00:00:00+00,0.2404
2020-04-30 00:00:00+00,0.1869
2020-05-01 00:00:00+00,0.0543
2020-05-02 00:00:00+00,0.0425
2020-05-03 00:00:00+00,0.135
2020-05-04 00:00:00+00,0.154
2020-05-05 00:00:00+00,0.1791
2020-05-06 00:00:00+00,0.0822
2020-05-07 00:00:00+00,0.1355
2020-05-08 00:00:00+00,0.1409
2020-05-09 00:00:00+00,0.1019
2020-05-10 00:00:00+00,-0.0198
2020-05-11 00:00:00+00,0.0813
2020-05-12 00:00:00+00,0.121
2020-05-13 00:00:00+00,0.1183
2020-05-14 00:00:00+00,0.1235
2020-05-15 00:00:00+00,0.0344
2020-05-16 00:00:00+00,-0.0414
2020-05-17 00:00:00+00,-0.0085
2020-05-18 00:00:00+00,-0.0378
2020-05-19 00:00:00+00,-0.0556
2020-05-20 00:00:00+00,0.0863
2020-05-21 00:00:00+00,-0.0213
2020-05-22 00:00:00+00,-0.0903
2020-05-23 00:00:00+00,-0.0126
2020-05-24 00:00:00+00,0.0227
2020-05-25 00:00:00+00,-0.0281
2020-05-26 00:00:00+00,-0.0039
2020-05-27 00:00:00+00,0.0386
2020-05-28 00:00:00+00,0.0485
2020-05-29 00:00:00+00,0.0432
2020-05-30 00:00:00+00,-0.0292
2020-05-31 00:00:00+00,0.0268
2020-06-01 00:00:00+00,-0.0258
2020-06-02 00:00:00+00,0.0613
2020-06-03 00:00:00+00,0.0369
2020-06-04 00:00:00+00,0.018
2020-06-05 00:00:00+00,0.039
2020-06-06 00:00:00+00,-0.0806
2020-06-07 00:00:00+00,0.0355
2020-06-08 00:00:00+00,0.0321
2020-06-09 00:00:00+00,-0.005
2020-06-10 00:00:00+00,0.0743
2020-06-11 00:00:00+00,0.0924
2020-06-12 00:00:00+00,-0.1155
2020-06-13 00:00:00+00,-0.0026
2020-06-14 00:00:00+00,0.0175
2020-06-15 00:00:00+00,-0.1442
2020-06-16 00:00:00+00,0.0692
2020-06-17 00:00:00+00,-0.0076
2020-06-18 00:00:00+00,-0.0805
2020-06-19 00:00:00+00,-0.1085
2020-06-20 00:00:00+00,-0.1054
2020-06-21 00:00:00+00,-0.0343
2020-06-22 00:00:00+00,-0.092
2020-06-23 00:00:00+00,0.0514
2020-06-24 00:00:00+00,-0.008
2020-06-25 00:00:00+00,-0.1332
2020-06-26 00:00:00+00,-0.0704
2020-06-27 00:00:00+00,-0.0741
2020-06-28 00:00:00+00,-0.1067
2020-06-29 00:00:00+00,-0.0321
2020-06-30 00:00:00+00,-0.045
2020-07-01 00:00:00+00,-0.0237
2020-07-02 00:00:00+00,0.0804
2020-07-03 00:00:00+00,0.0599
2020-07-04 00:00:00+00,0.0214
2020-07-05 00:00:00+00,0.0384
2020-07-06 00:00:00+00,0.0547
2020-07-07 00:00:00+00,0.009
2020-07-08 00:00:00+00,-0.0374
2020-07-09 00:00:00+00,-0.0083
2020-07-10 00:00:00+00,0.0491
2020-07-11 00:00:00+00,0.0291
2020-07-12 00:00:00+00,0.0106
2020-07-13 00:00:00+00,0.0008
2020-07-14 00:00:00+00,-0.0617
2020-07-15 00:00:00+00,0.0118
2020-07-16 00:00:00+00,-0.0739
2020-07-17 00:00:00+00,-0.0305
2020-07-18 00:00:00+00,-0.0002
2020-07-19 00:00:00+00,0.0603
2020-07-20 00:00:00+00,0.0545
2020-07-21 00:00:00+00,0.0029
2020-07-22 00:00:00+00,0.0441
2020-07-23 00:00:00+00,0.1895
2020-07-24 00:00:00+00,0.1038
2020-07-25 00:00:00+00,0.1374
2020-07-26 00:00:00+00,0.1172
2020-07-27 00:00:00+00,0.0953
2020-07-28 00:00:00+00,0.164
2020-07-29 00:00:00+00,0.2563
2020-07-30 00:00:00+00,0.0688
2020-07-31 00:00:00+00,0.1459
2020-08-01 00:00:00+00,0.1425
2020-08-02 00:00:00+00,0.0754
2020-08-03 00:00:00+00,-0.0352
2020-08-04 00:00:00+00,0.1201
2020-08-05 00:00:00+00,0.0452
2020-08-06 00:00:00+00,0.1008
2020-08-07 00:00:00+00,0.0971
2020-08-08 00:00:00+00,0.1049
2020-08-09 00:00:00+00,0.1039
2020-08-10 00:00:00+00,0.0562
2020-08-11 00:00:00+00,0.0586
2020-08-12 00:00:00+00,-0.0282
2020-08-13 00:00:00+00,0.0182
2020-08-14 00:00:00+00,0.1374
2020-08-15 00:00:00+00,0.1441
2020-08-16 00:00:00+00,0.0643
2020-08-17 00:00:00+00,0.0659
2020-08-18 00:00:00+00,0.1859
2020-08-19 00:00:00+00,0.0763
2020-08-20 00:00:00+00,0.0382
2020-08-21 00:00:00+00,0.0904
2020-08-22 00:00:00+00,-0.0108
2020-08-23 00:00:00+00,0.0807
2020-08-24 00:00:00+00,0.0162
2020-08-25 00:00:00+00,0.0432
2020-08-26 00:00:00+00,0.0574
2020-08-27 00:00:00+00,0.0161
2020-08-28 00:00:00+00,0.0016
2020-08-29 00:00:00+00,0.0703
2020-08-30 00:00:00+00,0.0738
2020-08-31 00:00:00+00,0.0412
2020-09-01 00:00:00+00,0.0471
2020-09-02 00:00:00+00,0.0189
2020-09-03 00:00:00+00,0.061
2020-09-04 00:00:00+00,0.3338
2020-09-05 00:00:00+00,0.515
2020-09-06 00:00:00+00,0.0284
2020-09-07 00:00:00+00,0.0271
2020-09-08 00:00:00+00,0.0149
2020-09-09 00:00:00+00,-0.0025
2020-09-10 00:00:00+00,0.0516
2020-09-11 00:00:00+00,0.0714
2020-09-12 00:00:00+00,0.0628
2020-09-13 00:00:00+00,0.056
2020-09-14 00:00:00+00,0.0379
2020-09-15 00:00:00+00,0.0622
2020-09-16 00:00:00+00,-0.0173
2020-09-17 00:00:00+00,0.0278
2020-09-18 00:00:00+00,0.0365
2020-09-19 00:00:00+00,0.0375
2020-09-20 00:00:00+00,0.0041
2020-09-21 00:00:00+00,0.006
2020-09-22 00:00:00+00,-0.0037
2020-09-23 00:00:00+00,0.0144
2020-09-24 00:00:00+00,-0.0395
2020-09-25 00:00:00+00,0.0342
2020-09-26 00:00:00+00,0.0371
2020-09-27 00:00:00+00,0.0131
2020-09-28 00:00:00+00,0.044
2020-09-29 00:00:00+00,-0.0113
2020-09-30 00:00:00+00,-0.0055
2020-10-01 00:00:00+00,0.0282
2020-10-02 00:00:00+00,-0.0262
2020-10-03 00:00:00+00,0.0257
2020-10-04 00:00:00+00,0.0783
2020-10-05 00:00:00+00,0.0318
2020-10-06 00:00:00+00,0.0442
2020-10-07 00:00:00+00,0.0146
2020-10-08 00:00:00+00,0.0382
2020-10-09 00:00:00+00,0.0641
2020-10-10 00:00:00+00,0.0582
2020-10-11 00:00:00+00,0.0558
2020-10-12 00:00:00+00,0.0439
2020-10-13 00:00:00+00,0.0626
2020-10-14 00:00:00+00,0.067
2020-10-15 00:00:00+00,0.0859
2020-10-16 00:00:00+00,0.0363
2020-10-17 00:00:00+00,0.0798
2020-10-18 00:00:00+00,0.0668
2020-10-19 00:00:00+00,0.0961
2020-10-20 00:00:00+00,0.0765
2020-10-21 00:00:00+00,0.1097
2020-10-22 00:00:00+00,0.2133
2020-10-23 00:00:00+00,0.1493
2020-10-24 00:00:00+00,0.1156
2020-10-25 00:00:00+00,0.1114
2020-10-26 00:00:00+00,0.118
2020-10-27 00:00:00+00,0.1275
2020-10-28 00:00:00+00,0.7677
2020-10-29 00:00:00+00,0.1105
2020-10-30 00:00:00+00,0.032
2020-10-31 00:00:00+00,0.0841
2020-11-01 00:00:00+00,0.092
2020-11-02 00:00:00+00,0.0742
2020-11-03 00:00:00+00,0.1003
2020-11-04 00:00:00+00,0.0772
2020-11-05 00:00:00+00,0.1545
2020-11-06 00:00:00+00,0.1157
2020-11-07 00:00:00+00,0.1285
2020-11-08 00:00:00+00,0.1066
2020-11-09 00:00:00+00,0.0503
2020-11-10 00:00:00+00,0.0893
2020-11-11 00:00:00+00,0.1193
2020-11-12 00:00:00+00,0.1373
2020-11-13 00:00:00+00,0.1164
2020-11-14 00:00:00+00,0.1196
2020-11-15 00:00:00+00,0.0775
2020-11-16 00:00:00+00,0.0815
2020-11-17 00:00:00+00,0.0802
2020-11-18 00:00:00+00,0.116
2020-11-19 00:00:00+00,0.0699
2020-11-20 00:00:00+00,0.1073
2020-11-21 00:00:00+00,0.1189
2020-11-22 00:00:00+00,0.0931
2020-11-23 00:00:00+00,0.1265
2020-11-24 00:00:00+00,0.0915
2020-11-25 00:00:00+00,0.0673
2020-11-26 00:00:00+00,-0.0085
2020-11-27 00:00:00+00,0.1197
2020-11-28 00:00:00+00,0.0928
2020-11-29 00:00:00+00,0.0918
2020-11-30 00:00:00+00,0.0936
2020-12-01 00:00:00+00,0.0917
2020-12-02 00:00:00+00,0.0705
2020-12-03 00:00:00+00,0.0957
2020-12-04 00:00:00+00,0.124
2020-12-05 00:00:00+00,0.0406
2020-12-06 00:00:00+00,0.059
2020-12-07 00:00:00+00,0.0875
2020-12-08 00:00:00+00,0.0531
2020-12-09 00:00:00+00,-0.0431
2020-12-10 00:00:00+00,0.0284
2020-12-11 00:00:00+00,0.013
2020-12-12 00:00:00+00,0.0425
2020-12-13 00:00:00+00,0.0669
2020-12-14 00:00:00+00,-0.0435
2020-12-15 00:00:00+00,-0.0068
2020-12-16 00:00:00+00,0.0863
2020-12-17 00:00:00+00,0.1171
2020-12-18 00:00:00+00,0.1282
2020-12-19 00:00:00+00,0.1363
2020-12-20 00:00:00+00,0.1192
2020-12-21 00:00:00+00,0.0894
2020-12-22 00:00:00+00,0.0419
2020-12-23 00:00:00+00,0.056
2020-12-24 00:00:00+00,-0.0267
2020-12-25 00:00:00+00,-0.0437
2020-12-26 00:00:00+00,-0.0314
2020-12-27 00:00:00+00,-0.0406
2020-12-28 00:00:00+00,-0.1004
2020-12-29 00:00:00+00,-0.1478
2020-12-30 00:00:00+00,-0.0681
2020-12-31 00:00:00+00,0.0757
2021-01-01 00:00:00+00,0.2297
2021-01-02 00:00:00+00,0.2782
2021-01-03 00:00:00+00,0.1443
2021-01-04 00:00:00+00,0.2509
2021-01-05 00:00:00+00,0.0952
2021-01-06 00:00:00+00,0.278
2021-01-07 00:00:00+00,0.2445
2021-01-08 00:00:00+00,0.198
2021-01-09 00:00:00+00,0.136
2021-01-10 00:00:00+00,0.4221
2021-01-11 00:00:00+00,0.0495
2021-01-12 00:00:00+00,0.1314
2021-01-13 00:00:00+00,-0.04
2021-01-14 00:00:00+00,0.0596
2021-01-15 00:00:00+00,-0.0566
2021-01-16 00:00:00+00,0.0467
2021-01-17 00:00:00+00,0.0273
2021-01-18 00:00:00+00,-0.0139
2021-01-19 00:00:00+00,0.0048
2021-01-20 00:00:00+00,0.0556
2021-01-21 00:00:00+00,0.0863
2021-01-22 00:00:00+00,0.0127
2021-01-23 00:00:00+00,0.0991
2021-01-24 00:00:00+00,0.0998
2021-01-25 00:00:00+00,0.1046
2021-01-26 00:00:00+00,0.0196
2021-01-27 00:00:00+00,0.1442
2021-01-28 00:00:00+00,0.171
2021-01-29 00:00:00+00,0.3588
2021-01-30 00:00:00+00,0.0462
2021-01-31 00:00:00+00,0.1539
2021-02-01 00:00:00+00,0.1353
2021-02-02 00:00:00+00,0.0516
2021-02-03 00:00:00+00,0.1136
2021-02-04 00:00:00+00,0.1812
2021-02-05 00:00:00+00,0.1081
2021-02-06 00:00:00+00,0.0986
2021-02-07 00:00:00+00,0.2172
2021-02-08 00:00:00+00,0.1952
2021-02-09 00:00:00+00,0.1699
2021-02-10 00:00:00+00,0.2032
2021-02-11 00:00:00+00,0.0947
2021-02-12 00:00:00+00,0.052
2021-02-13 00:00:00+00,0.233
2021-02-14 00:00:00+00,0.1781
2021-02-15 00:00:00+00,0.1786
2021-02-16 00:00:00+00,0.0513
2021-02-17 00:00:00+00,0.0162
2021-02-18 00:00:00+00,0.1004
2021-02-19 00:00:00+00,0.0842
2021-02-20 00:00:00+00,0.1388
2021-02-21 00:00:00+00,0.1437
2021-02-22 00:00:00+00,0.1338
2021-02-23 00:00:00+00,0.0703
2021-02-24 00:00:00+00,0.0184
2021-02-25 00:00:00+00,0.124
2021-02-26 00:00:00+00,-0.0209
2021-02-27 00:00:00+00,0.0927
2021-02-28 00:00:00+00,0.1437
2021-03-01 00:00:00+00,0.2163
2021-03-02 00:00:00+00,0.0797
2021-03-03 00:00:00+00,0.1354
2021-03-04 00:00:00+00,0.0416
2021-03-05 00:00:00+00,-0.0064
2021-03-06 00:00:00+00,0.0394
2021-03-07 00:00:00+00,0.0565
2021-03-08 00:00:00+00,0.0336
2021-03-09 00:00:00+00,0.0725
2021-03-10 00:00:00+00,0.0855
2021-03-11 00:00:00+00,0.0664
2021-03-12 00:00:00+00,0.0814
2021-03-13 00:00:00+00,-0.0015
2021-03-14 00:00:00+00,-0.0114
2021-03-15 00:00:00+00,-0.0057
2021-03-16 00:00:00+00,0.0429
2021-03-17 00:00:00+00,0.0413
2021-03-18 00:00:00+00,0.0213
2021-03-19 00:00:00+00,0.0069
2021-03-20 00:00:00+00,-0.0053
2021-03-21 00:00:00+00,0.0453
2021-03-22 00:00:00+00,0.0449
2021-03-23 00:00:00+00,0.0522
2021-03-24 00:00:00+00,-0.0175
2021-03-25 00:00:00+00,-0.0841
2021-03-26 00:00:00+00,0.0526
2021-03-27 00:00:00+00,0.1005
2021-03-28 00:00:00+00,0.0706
2021-03-29 00:00:00+00,0.0064
2021-03-30 00:00:00+00,-0.0377
2021-03-31 00:00:00+00,0.0679
2021-04-01 00:00:00+00,0.1031
2021-04-02 00:00:00+00,0.0103
2021-04-03 00:00:00+00,0.0526
2021-04-04 00:00:00+00,0.0743
2021-04-05 00:00:00+00,0.0253
2021-04-06 00:00:00+00,0.0069
2021-04-07 00:00:00+00,0.0546
2021-04-08 00:00:00+00,0.0165
2021-04-09 00:00:00+00,0.0096
2021-04-10 00:00:00+00,-0.0858
2021-04-11 00:00:00+00,0.0158
2021-04-12 00:00:00+00,-0.0252
2021-04-13 00:00:00+00,-0.0386
2021-04-14 00:00:00+00,0.0208
2021-04-15 00:00:00+00,0.0195
2021-04-16 00:00:00+00,0.1113
2021-04-17 00:00:00+00,0.1507
2021-04-18 00:00:00+00,0.1009
2021-04-19 00:00:00+00,0.2202
2021-04-20 00:00:00+00,0.1145
2021-04-21 00:00:00+00,0.0933
2021-04-22 00:00:00+00,0.0149
2021-04-23 00:00:00+00,0.0097
2021-04-24 00:00:00+00,0.151
2021-04-25 00:00:00+00,0.1071
2021-04-26 00:00:00+00,0.1105
2021-04-27 00:00:00+00,0.086
2021-04-28 00:00:00+00,0.1048
2021-04-29 00:00:00+00,0.0795
2021-04-30 00:00:00+00,0.0467
2021-05-01 00:00:00+00,0.176
2021-05-02 00:00:00+00,0.1072
2021-05-03 00:00:00+00,0.0831
2021-05-04 00:00:00+00,0.0758
2021-05-05 00:00:00+00,0.0693
2021-05-06 00:00:00+00,0.1386
2021-05-07 00:00:00+00,0.0907
2021-05-08 00:00:00+00,0.1132
2021-05-09 00:00:00+00,0.1555
2021-05-10 00:00:00+00,0.1254
2021-05-11 00:00:00+00,0.09
2021-05-12 00:00:00+00,0.1468
2021-05-13 00:00:00+00,-0.0775
2021-05-14 00:00:00+00,0.0209
2021-05-15 00:00:00+00,0.0989
2021-05-16 00:00:00+00,0.0172
2021-05-17 00:00:00+00,0.0516
2021-05-18 00:00:00+00,0.0778
2021-05-19 00:00:00+00,0.0356
2021-05-20 00:00:00+00,0.1751
2021-05-21 00:00:00+00,0.2415
2021-05-22 00:00:00+00,0.1872
2021-05-23 00:00:00+00,0.0489
2021-05-24 00:00:00+00,0.2233
2021-05-25 00:00:00+00,0.1637
2021-05-26 00:00:00+00,0.0968
2021-05-27 00:00:00+00,0.1308
2021-05-28 00:00:00+00,0.0698
2021-05-29 00:00:00+00,0.0524
2021-05-30 00:00:00+00,0.0655
2021-05-31 00:00:00+00,0.0791
2021-06-01 00:00:00+00,0.0602
2021-06-02 00:00:00+00,-0.0269
2021-06-03 00:00:00+00,0.035
2021-06-04 00:00:00+00,0.0045
2021-06-05 00:00:00+00,0.0743
2021-06-06 00:00:00+00,0.0673
2021-06-07 00:00:00+00,0.0116
2021-06-08 00:00:00+00,0.0307
2021-06-09 00:00:00+00,0.0639
2021-06-10 00:00:00+00,0.0447
2021-06-11 00:00:00+00,0.0466
2021-06-12 00:00:00+00,0.0217
2021-06-13 00:00:00+00,0.0315
2021-06-14 00:00:00+00,-0.0136
2021-06-15 00:00:00+00,0.0534
2021-06-16 00:00:00+00,0.0355
2021-06-17 00:00:00+00,0.0052
2021-06-18 00:00:00+00,0.0288
2021-06-19 00:00:00+00,0.0572
2021-06-20 00:00:00+00,0.003
2021-06-21 00:00:00+00,-0.0404
2021-06-22 00:00:00+00,-0.0136
2021-06-23 00:00:00+00,0.0903
2021-06-24 00:00:00+00,0.0399
2021-06-25 00:00:00+00,-0.0237
2021-06-26 00:00:00+00,0.0587
2021-06-27 00:00:00+00,-0.0497
2021-06-28 00:00:00+00,0.0174
2021-06-29 00:00:00+00,-0.0048
2021-06-30 00:00:00+00,-0.0155
2021-07-01 00:00:00+00,0.0428
2021-07-02 00:00:00+00,0.0257
2021-07-03 00:00:00+00,0.0547
2021-07-04 00:00:00+00,0.0459
2021-07-05 00:00:00+00,-0.0115
2021-07-06 00:00:00+00,0.0226
2021-07-07 00:00:00+00,0.0167
2021-07-08 00:00:00+00,0.0514
2021-07-09 00:00:00+00,0.0007
2021-07-10 00:00:00+00,0.025
2021-07-11 00:00:00+00,0.0373
2021-07-12 00:00:00+00,0.0006
2021-07-13 00:00:00+00,-0.0287
2021-07-14 00:00:00+00,0.0153
2021-07-15 00:00:00+00,-0.013
2021-07-16 00:00:00+00,-0.0063
2021-07-17 00:00:00+00,0.0182
2021-07-18 00:00:00+00,0.0439
2021-07-19 00:00:00+00,0.0245
2021-07-20 00:00:00+00,0.0077
2021-07-21 00:00:00+00,0.0195
2021-07-22 00:00:00+00,0.0254
2021-07-23 00:00:00+00,0.0005
2021-07-24 00:00:00+00,0.0392
2021-07-25 00:00:00+00,0.088
2021-07-26 00:00:00+00,0.1335
2021-07-27 00:00:00+00,0.0575
2021-07-28 00:00:00+00,0.0491
2021-07-29 00:00:00+00,0.0388
2021-07-30 00:00:00+00,0.0524
2021-07-31 00:00:00+00,0.0647
2021-08-01 00:00:00+00,0.0896
2021-08-02 00:00:00+00,0.0224
2021-08-03 00:00:00+00,0.007
2021-08-04 00:00:00+00,-0.0462
2021-08-05 00:00:00+00,-0.0107
2021-08-06 00:00:00+00,0.0643
2021-08-07 00:00:00+00,0.0764
2021-08-08 00:00:00+00,0.1247
2021-08-09 00:00:00+00,0.0794
2021-08-10 00:00:00+00,0.0673
2021-08-11 00:00:00+00,0.0369
2021-08-12 00:00:00+00,0.0932
2021-08-13 00:00:00+00,0.0498
2021-08-14 00:00:00+00,0.0704
2021-08-15 00:00:00+00,0.0874
2021-08-16 00:00:00+00,0.0863
2021-08-17 00:00:00+00,0.0042
2021-08-18 00:00:00+00,-0.0461
2021-08-19 00:00:00+00,0.0218
2021-08-20 00:00:00+00,0.018
2021-08-21 00:00:00+00,0.0558
2021-08-22 00:00:00+00,0.099
2021-08-23 00:00:00+00,0.0917
2021-08-24 00:00:00+00,0.0317
2021-08-25 00:00:00+00,0.0177
2021-08-26 00:00:00+00,0.0373
2021-08-27 00:00:00+00,0.0162
2021-08-28 00:00:00+00,0.0228
2021-08-29 00:00:00+00,0.0972
2021-08-30 00:00:00+00,0.0712
2021-08-31 00:00:00+00,0.0296
2021-09-01 00:00:00+00,0.02
2021-09-02 00:00:00+00,0.0487
2021-09-03 00:00:00+00,0.0665
2021-09-04 00:00:00+00,0.054
2021-09-05 00:00:00+00,0.0548
2021-09-06 00:00:00+00,0.0624
2021-09-07 00:00:00+00,0.0619
2021-09-08 00:00:00+00,0.0553
2021-09-09 00:00:00+00,0.0253
2021-09-10 00:00:00+00,0.0024
2021-09-11 00:00:00+00,0.0182
2021-09-12 00:00:00+00,0.0
2021-09-13 00:00:00+00,0.0056
2021-09-14 00:00:00+00,0.0278
2021-09-15 00:00:00+00,0.0521
2021-09-16 00:00:00+00,0.047
2021-09-17 00:00:00+00,0.0321
2021-09-18 00:00:00+00,0.0146
2021-09-19 00:00:00+00,0.0354
2021-09-20 00:00:00+00,0.0253
2021-09-21 00:00:00+00,-0.0208
2021-09-22 00:00:00+00,0.0067
2021-09-23 00:00:00+00,0.0662
2021-09-24 00:00:00+00,0.0697
2021-09-25 00:00:00+00,0.0884
2021-09-26 00:00:00+00,0.0817
2021-09-27 00:00:00+00,0.0261
2021-09-28 00:00:00+00,0.045
2021-09-29 00:00:00+00,0.0126
2021-09-30 00:00:00+00,-0.0125
2021-10-01 00:00:00+00,0.0203
2021-10-02 00:00:00+00,0.0502
2021-10-03 00:00:00+00,0.0606
2021-10-04 00:00:00+00,0.0705
2021-10-05 00:00:00+00,0.039
2021-10-06 00:00:00+00,0.054
2021-10-07 00:00:00+00,0.0578
2021-10-08 00:00:00+00,0.0376
2021-10-09 00:00:00+00,0.0176
2021-10-10 00:00:00+00,0.0247
2021-10-11 00:00:00+00,0.0441
2021-10-12 00:00:00+00,0.0254
2021-10-13 00:00:00+00,0.0146
2021-10-14 00:00:00+00,-0.0061
2021-10-15 00:00:00+00,0.0202
2021-10-16 00:00:00+00,0.029
2021-10-17 00:00:00+00,-0.014
2021-10-18 00:00:00+00,0.0028
2021-10-19 00:00:00+00,0.0593
2021-10-20 00:00:00+00,0.0351
2021-10-21 00:00:00+00,0.0301
2021-10-22 00:00:00+00,0.0175
2021-10-23 00:00:00+00,-0.0088
2021-10-24 00:00:00+00,0.0217
2021-10-25 00:00:00+00,-0.0071
2021-10-26 00:00:00+00,0.005
2021-10-27 00:00:00+00,0.0073
2021-10-28 00:00:00+00,0.0844
2021-10-29 00:00:00+00,0.026
2021-10-30 00:00:00+00,0.055
2021-10-31 00:00:00+00,0.0601
2021-11-01 00:00:00+00,0.0756
2021-11-02 00:00:00+00,0.0743
2021-11-03 00:00:00+00,0.0727
2021-11-04 00:00:00+00,0.0619
2021-11-05 00:00:00+00,0.0806
2021-11-06 00:00:00+00,0.1082
2021-11-07 00:00:00+00,0.1117
2021-11-08 00:00:00+00,0.0562
2021-11-09 00:00:00+00,0.0419
2021-11-10 00:00:00+00,-0.0133
2021-11-11 00:00:00+00,0.0459
2021-11-12 00:00:00+00,0.0517
2021-11-13 00:00:00+00,0.0346
2021-11-14 00:00:00+00,0.0311
2021-11-15 00:00:00+00,-0.0215
2021-11-16 00:00:00+00,0.0225
2021-11-17 00:00:00+00,0.0711
2021-11-18 00:00:00+00,0.011
2021-11-19 00:00:00+00,0.012
2021-11-20 00:00:00+00,0.112
2021-11-21 00:00:00+00,0.0892
2021-11-22 00:00:00+00,0.0913
2021-11-23 00:00:00+00,0.0657
2021-11-24 00:00:00+00,0.0372
2021-11-25 00:00:00+00,0.0355
2021-11-26 00:00:00+00,0.0583
2021-11-27 00:00:00+00,0.0632
2021-11-28 00:00:00+00,0.0778
2021-11-29 00:00:00+00,0.0762
2021-11-30 00:00:00+00,0.107
2021-12-01 00:00:00+00,0.0839
2021-12-02 00:00:00+00,0.0742
2021-12-03 00:00:00+00,0.0658
2021-12-04 00:00:00+00,0.0596
2021-12-05 00:00:00+00,0.1685
2021-12-06 00:00:00+00,0.1779
2021-12-07 00:00:00+00,0.1738
2021-12-08 00:00:00+00,0.0717
2021-12-09 00:00:00+00,0.0986
2021-12-10 00:00:00+00,0.0684
2021-12-11 00:00:00+00,0.0645
2021-12-12 00:00:00+00,0.0698
2021-12-13 00:00:00+00,0.0714
2021-12-14 00:00:00+00,0.0538
2021-12-15 00:00:00+00,0.0461
2021-12-16 00:00:00+00,0.0283
2021-12-17 00:00:00+00,0.0038
2021-12-18 00:00:00+00,0.0564
2021-12-19 00:00:00+00,0.0492
2021-12-20 00:00:00+00,0.0128
2021-12-21 00:00:00+00,0.0254
2021-12-22 00:00:00+00,0.0555
2021-12-23 00:00:00+00,0.0421
2021-12-24 00:00:00+00,0.0064
2021-12-25 00:00:00+00,0.0636
2021-12-26 00:00:00+00,0.0568
2021-12-27 00:00:00+00,0.0568
2021-12-28 00:00:00+00,0.0373
2021-12-29 00:00:00+00,-0.0032
2021-12-30 00:00:00+00,0.0142
2021-12-31 00:00:00+00,0.0026
2022-01-01 00:00:00+00,-0.0123
2022-01-02 00:00:00+00,0.0226
2022-01-03 00:00:00+00,0.0272
2022-01-04 00:00:00+00,0.029
2022-01-05 00:00:00+00,-0.0325
2022-01-06 00:00:00+00,-0.011
2022-01-07 00:00:00+00,-0.0012
2022-01-08 00:00:00+00,-0.0046
2022-01-09 00:00:00+00,0.0122
2022-01-10 00:00:00+00,0.0284
2022-01-11 00:00:00+00,0.0038
2022-01-12 00:00:00+00,0.0481
2022-01-13 00:00:00+00,0.0423
2022-01-14 00:00:00+00,0.0421
2022-01-15 00:00:00+00,0.0714
2022-01-16 00:00:00+00,0.0323
2022-01-17 00:00:00+00,0.0759
2022-01-18 00:00:00+00,0.0309
2022-01-19 00:00:00+00,0.0473
2022-01-20 00:00:00+00,0.0291
2022-01-21 00:00:00+00,-0.0225
2022-01-22 00:00:00+00,0.0312
2022-01-23 00:00:00+00,0.0122
2022-01-24 00:00:00+00,0.0848
2022-01-25 00:00:00+00,0.0743
2022-01-26 00:00:00+00,0.0587
2022-01-27 00:00:00+00,0.1059
2022-01-28 00:00:00+00,0.076
2022-01-29 00:00:00+00,0.0672
2022-01-30 00:00:00+00,0.0602
2022-01-31 00:00:00+00,0.0613
2022-02-01 00:00:00+00,0.0666
2022-02-02 00:00:00+00,0.0509
2022-02-03 00:00:00+00,0.0732
2022-02-04 00:00:00+00,0.0338
2022-02-05 00:00:00+00,0.1012
2022-02-06 00:00:00+00,0.0701
2022-02-07 00:00:00+00,0.083
2022-02-08 00:00:00+00,0.0641
2022-02-09 00:00:00+00,0.1012
2022-02-10 00:00:00+00,0.0984
2022-02-11 00:00:00+00,0.0608
2022-02-12 00:00:00+00,0.0301
2022-02-13 00:00:00+00,0.064
2022-02-14 00:00:00+00,0.0469
2022-02-15 00:00:00+00,0.03
2022-02-16 00:00:00+00,0.0805
2022-02-17 00:00:00+00,0.0501
2022-02-18 00:00:00+00,0.0549
2022-02-19 00:00:00+00,0.048
2022-02-20 00:00:00+00,0.0568
2022-02-21 00:00:00+00,0.0237
2022-02-22 00:00:00+00,0.0377
2022-02-23 00:00:00+00,0.0558
2022-02-24 00:00:00+00,0.0488
2022-02-25 00:00:00+00,0.0486
2022-02-26 00:00:00+00,0.06
2022-02-27 00:00:00+00,0.0773
2022-02-28 00:00:00+00,0.0464
2022-03-01 00:00:00+00,0.0686
2022-03-02 00:00:00+00,0.0423
2022-03-03 00:00:00+00,0.0535
2022-03-04 00:00:00+00,0.0245
2022-03-05 00:00:00+00,0.0456
2022-03-06 00:00:00+00,0.0251
2022-03-07 00:00:00+00,-0.0364
2022-03-08 00:00:00+00,0.008
2022-03-09 00:00:00+00,0.0478
2022-03-10 00:00:00+00,0.0181
2022-03-11 00:00:00+00,0.0238
2022-03-12 00:00:00+00,0.0071
2022-03-13 00:00:00+00,0.0212
2022-03-14 00:00:00+00,0.0425
2022-03-15 00:00:00+00,0.018
2022-03-16 00:00:00+00,0.0453
2022-03-17 00:00:00+00,0.0339
2022-03-18 00:00:00+00,0.079
2022-03-19 00:00:00+00,0.0571
2022-03-20 00:00:00+00,0.0733
2022-03-21 00:00:00+00,0.0609
2022-03-22 00:00:00+00,0.0377
2022-03-23 00:00:00+00,0.0281
2022-03-24 00:00:00+00,0.0395
2022-03-25 00:00:00+00,0.0475
2022-03-26 00:00:00+00,0.052
2022-03-27 00:00:00+00,0.0605
2022-03-28 00:00:00+00,0.0475
2022-03-29 00:00:00+00,0.0524
2022-03-30 00:00:00+00,0.0287
2022-03-31 00:00:00+00,0.0213
2022-04-01 00:00:00+00,0.0327
2022-04-02 00:00:00+00,0.0278
2022-04-03 00:00:00+00,0.0333
2022-04-04 00:00:00+00,0.0274
2022-04-05 00:00:00+00,0.0298
2022-04-06 00:00:00+00,0.0272
2022-04-07 00:00:00+00,-0.0087
2022-04-08 00:00:00+00,0.0012
2022-04-09 00:00:00+00,0.0234
2022-04-10 00:00:00+00,0.0292
2022-04-11 00:00:00+00,0.0169
2022-04-12 00:00:00+00,0.0137
2022-04-13 00:00:00+00,0.0293
2022-04-14 00:00:00+00,-0.0015
2022-04-15 00:00:00+00,0.0282
2022-04-16 00:00:00+00,0.0067
2022-04-17 00:00:00+00,0.022
2022-04-18 00:00:00+00,0.0076
2022-04-19 00:00:00+00,0.0239
2022-04-20 00:00:00+00,0.0202
2022-04-21 00:00:00+00,0.0331
2022-04-22 00:00:00+00,0.0083
2022-04-23 00:00:00+00,0.0076
2022-04-24 00:00:00+00,0.0457
2022-04-25 00:00:00+00,0.0345
2022-04-26 00:00:00+00,0.0367
2022-04-27 00:00:00+00,0.0152
2022-04-28 00:00:00+00,0.039
2022-04-29 00:00:00+00,-0.0021
2022-04-30 00:00:00+00,-0.0099
2022-05-01 00:00:00+00,0.0254
2022-05-02 00:00:00+00,0.003
2022-05-03 00:00:00+00,-0.0371
2022-05-04 00:00:00+00,-0.0248
2022-05-05 00:00:00+00,-0.0515
2022-05-06 00:00:00+00,-0.0431
2022-05-07 00:00:00+00,-0.0407
2022-05-08 00:00:00+00,-0.0406
2022-05-09 00:00:00+00,-0.0144
2022-05-10 00:00:00+00,0.0134
2022-05-11 00:00:00+00,-0.0475
2022-05-12 00:00:00+00,-0.4336
2022-05-13 00:00:00+00,-0.3024
2022-05-14 00:00:00+00,-0.1786
2022-05-15 00:00:00+00,-0.149
2022-05-16 00:00:00+00,-0.1241
2022-05-17 00:00:00+00,-0.1142
2022-05-18 00:00:00+00,-0.1078
2022-05-19 00:00:00+00,-0.1526
2022-05-20 00:00:00+00,-0.1472
2022-05-21 00:00:00+00,-0.155
2022-05-22 00:00:00+00,-0.1279
2022-05-23 00:00:00+00,-0.1185
2022-05-24 00:00:00+00,-0.1025
2022-05-25 00:00:00+00,-0.0909
2022-05-26 00:00:00+00,-0.1309
2022-05-27 00:00:00+00,-0.1209
2022-05-28 00:00:00+00,-0.11
2022-05-29 00:00:00+00,-0.077
2022-05-30 00:00:00+00,-0.0713
2022-05-31 00:00:00+00,-0.0553
2022-06-01 00:00:00+00,-0.053
2022-06-02 00:00:00+00,-0.0559
2022-06-03 00:00:00+00,-0.0772
2022-06-04 00:00:00+00,-0.0924
2022-06-05 00:00:00+00,-0.0886
2022-06-06 00:00:00+00,-0.0654
2022-06-07 00:00:00+00,-0.0749
2022-06-08 00:00:00+00,-0.046
2022-06-09 00:00:00+00,-0.0723
2022-06-10 00:00:00+00,-0.1008
2022-06-11 00:00:00+00,-0.1137
2022-06-12 00:00:00+00,-0.1044
2022-06-13 00:00:00+00,-0.0729
2022-06-14 00:00:00+00,-0.1081
2022-06-15 00:00:00+00,-0.0731
2022-06-16 00:00:00+00,-0.0947
2022-06-17 00:00:00+00,-0.1404
2022-06-18 00:00:00+00,-0.1024
2022-06-19 00:00:00+00,-0.1377
2022-06-20 00:00:00+00,-0.105
2022-06-21 00:00:00+00,-0.1274
2022-06-22 00:00:00+00,-0.1152
2022-06-23 00:00:00+00,-0.0897
2022-06-24 00:00:00+00,-0.0269
2022-06-25 00:00:00+00,-0.0779
2022-06-26 00:00:00+00,-0.0793
2022-06-27 00:00:00+00,-0.0629
2022-06-28 00:00:00+00,-0.0946
2022-06-29 00:00:00+00,-0.137
2022-06-30 00:00:00+00,-0.1242
2022-07-01 00:00:00+00,0.2177
2022-07-02 00:00:00+00,-0.1403
2022-07-03 00:00:00+00,-0.1417
2022-07-04 00:00:00+00,-0.1267
2022-07-05 00:00:00+00,-0.12
2022-07-06 00:00:00+00,-0.1095
2022-07-07 00:00:00+00,-0.1063
2022-07-08 00:00:00+00,-0.0321
2022-07-09 00:00:00+00,-0.0577
2022-07-10 00:00:00+00,-0.0459
2022-07-11 00:00:00+00,-0.0501
2022-07-12 00:00:00+00,-0.106
2022-07-13 00:00:00+00,-0.1374
2022-07-14 00:00:00+00,-0.075
2022-07-15 00:00:00+00,-0.0674
2022-07-16 00:00:00+00,-0.0335
2022-07-17 00:00:00+00,-0.0301
2022-07-18 00:00:00+00,-0.0377
2022-07-19 00:00:00+00,0.0107
2022-07-20 00:00:00+00,-0.0001
2022-07-21 00:00:00+00,0.0084
2022-07-22 00:00:00+00,0.0025
2022-07-23 00:00:00+00,0.0177
2022-07-24 00:00:00+00,0.0124
2022-07-25 00:00:00+00,0.0276
2022-07-26 00:00:00+00,0.0054
2022-07-27 00:00:00+00,0.0261
2022-07-28 00:00:00+00,0.028
2022-07-29 00:00:00+00,0.0269
2022-07-30 00:00:00+00,0.0444
2022-07-31 00:00:00+00,0.0148
2022-08-01 00:00:00+00,0.0476
2022-08-02 00:00:00+00,0.0299
2022-08-03 00:00:00+00,0.0385
2022-08-04 00:00:00+00,0.0349
2022-08-05 00:00:00+00,0.009
2022-08-06 00:00:00+00,0.0307
2022-08-07 00:00:00+00,0.029
2022-08-08 00:00:00+00,0.0253
2022-08-09 00:00:00+00,0.0197
2022-08-10 00:00:00+00,0.0302
2022-08-11 00:00:00+00,0.0219
2022-08-12 00:00:00+00,0.0491
2022-08-13 00:00:00+00,0.0548
2022-08-14 00:00:00+00,0.0536
2022-08-15 00:00:00+00,0.0466
2022-08-16 00:00:00+00,0.0276
2022-08-17 00:00:00+00,0.0073
2022-08-18 00:00:00+00,0.0075
2022-08-19 00:00:00+00,-0.0108
2022-08-20 00:00:00+00,0.0026
2022-08-21 00:00:00+00,-0.004
2022-08-22 00:00:00+00,-0.0105
2022-08-23 00:00:00+00,-0.0205
2022-08-24 00:00:00+00,-0.011
2022-08-25 00:00:00+00,-0.0044
2022-08-26 00:00:00+00,0.0114
2022-08-27 00:00:00+00,0.0074
2022-08-28 00:00:00+00,-0.0115
2022-08-29 00:00:00+00,-0.0169
2022-08-30 00:00:00+00,-0.0012
2022-08-31 00:00:00+00,0.0047
2022-09-01 00:00:00+00,-0.0008
2022-09-02 00:00:00+00,0.0001
2022-09-03 00:00:00+00,0.0121
2022-09-04 00:00:00+00,0.0057
2022-09-05 00:00:00+00,0.0177
2022-09-06 00:00:00+00,-0.0038
2022-09-07 00:00:00+00,0.0009
2022-09-08 00:00:00+00,0.0009
2022-09-09 00:00:00+00,0.0105
2022-09-10 00:00:00+00,0.0234
2022-09-11 00:00:00+00,0.0407
2022-09-12 00:00:00+00,0.0151
2022-09-13 00:00:00+00,0.0319
2022-09-14 00:00:00+00,0.0058
2022-09-15 00:00:00+00,0.0026
2022-09-16 00:00:00+00,0.009
2022-09-17 00:00:00+00,-0.0154
2022-09-18 00:00:00+00,0.0038
2022-09-19 00:00:00+00,0.0006
2022-09-20 00:00:00+00,0.0066
2022-09-21 00:00:00+00,0.0097
2022-09-22 00:00:00+00,0.007
2022-09-23 00:00:00+00,-0.0088
2022-09-24 00:00:00+00,-0.0132
2022-09-25 00:00:00+00,-0.0056
2022-09-26 00:00:00+00,-0.015
2022-09-27 00:00:00+00,0.0014
2022-09-28 00:00:00+00,-0.0028
2022-09-29 00:00:00+00,-0.0023
2022-09-30 00:00:00+00,0.0258
2022-10-01 00:00:00+00,0.0049
2022-10-02 00:00:00+00,0.0156
2022-10-03 00:00:00+00,0.0071
2022-10-04 00:00:00+00,0.0171
2022-10-05 00:00:00+00,0.0366
2022-10-06 00:00:00+00,0.0193
2022-10-07 00:00:00+00,0.0154
2022-10-08 00:00:00+00,0.0081
2022-10-09 00:00:00+00,0.0256
2022-10-10 00:00:00+00,0.0141
2022-10-11 00:00:00+00,-0.0056
2022-10-12 00:00:00+00,-0.0083
2022-10-13 00:00:00+00,-0.0059
2022-10-14 00:00:00+00,-0.0002
2022-10-15 00:00:00+00,0.0116
2022-10-16 00:00:00+00,0.0116
2022-10-17 00:00:00+00,-0.0071
2022-10-18 00:00:00+00,0.0098
2022-10-19 00:00:00+00,0.0068
2022-10-20 00:00:00+00,0.0022
2022-10-21 00:00:00+00,0.0091
2022-10-22 00:00:00+00,0.0029
2022-10-23 00:00:00+00,0.025
2022-10-24 00:00:00+00,0.0092
2022-10-25 00:00:00+00,0.0078
2022-10-26 00:00:00+00,0.0361
2022-10-27 00:00:00+00,0.0095
2022-10-28 00:00:00+00,0.0033
2022-10-29 00:00:00+00,0.0267
2022-10-30 00:00:00+00,0.061
2022-10-31 00:00:00+00,0.0084
2022-11-01 00:00:00+00,-0.0058
2022-11-02 00:00:00+00,-0.0121
2022-11-03 00:00:00+00,-0.0027
2022-11-04 00:00:00+00,0.0045
2022-11-05 00:00:00+00,0.0024
2022-11-06 00:00:00+00,0.0051
2022-11-07 00:00:00+00,0.0123
2022-11-08 00:00:00+00,0.013
2022-11-09 00:00:00+00,0.0037
2022-11-10 00:00:00+00,-0.1753
2022-11-11 00:00:00+00,-0.2671
2022-11-12 00:00:00+00,-0.3234
2022-11-13 00:00:00+00,-0.1775
2022-11-14 00:00:00+00,-0.2022
2022-11-15 00:00:00+00,-0.1764
2022-11-16 00:00:00+00,-0.1254
2022-11-17 00:00:00+00,-0.0902
2022-11-18 00:00:00+00,-0.0724
2022-11-19 00:00:00+00,-0.1232
2022-11-20 00:00:00+00,-0.1196
2022-11-21 00:00:00+00,-0.1663
2022-11-22 00:00:00+00,-0.1415
2022-11-23 00:00:00+00,-0.1652
2022-11-24 00:00:00+00,-0.1041
2022-11-25 00:00:00+00,-0.072
2022-11-26 00:00:00+00,-0.0633
2022-11-27 00:00:00+00,-0.0443
2022-11-28 00:00:00+00,-0.0435
2022-11-29 00:00:00+00,-0.0367
2022-11-30 00:00:00+00,-0.0302
2022-12-01 00:00:00+00,-0.0005
2022-12-02 00:00:00+00,0.0122
2022-12-03 00:00:00+00,0.0124
2022-12-04 00:00:00+00,0.0235
2022-12-05 00:00:00+00,0.0132
2022-12-06 00:00:00+00,-0.0018
2022-12-07 00:00:00+00,0.0013
2022-12-08 00:00:00+00,0.0185
2022-12-09 00:00:00+00,0.0112
2022-12-10 00:00:00+00,0.0113
2022-12-11 00:00:00+00,0.0036
2022-12-12 00:00:00+00,0.0033
2022-12-13 00:00:00+00,0.0231
2022-12-14 00:00:00+00,-0.016
2022-12-15 00:00:00+00,0.0076
2022-12-16 00:00:00+00,0.0123
2022-12-17 00:00:00+00,0.0168
2022-12-18 00:00:00+00,0.028
2022-12-19 00:00:00+00,0.0199
2022-12-20 00:00:00+00,0.0067
2022-12-21 00:00:00+00,0.0001
2022-12-22 00:00:00+00,0.003
2022-12-23 00:00:00+00,-0.0394
2022-12-24 00:00:00+00,-0.0038
2022-12-25 00:00:00+00,0.009
2022-12-26 00:00:00+00,-0.0173
2022-12-27 00:00:00+00,-0.0161
2022-12-28 00:00:00+00,-0.0464
2022-12-29 00:00:00+00,-0.0463
2022-12-30 00:00:00+00,-0.0367
2022-12-31 00:00:00+00,-0.0452
2023-01-01 00:00:00+00,-0.0601
2023-01-02 00:00:00+00,-0.0317
2023-01-03 00:00:00+00,-0.0355
2023-01-04 00:00:00+00,-0.0402
2023-01-05 00:00:00+00,-0.0354
2023-01-06 00:00:00+00,-0.0375
2023-01-07 00:00:00+00,-0.0136
2023-01-08 00:00:00+00,-0.0086
2023-01-09 00:00:00+00,-0.0155
2023-01-10 00:00:00+00,-0.0064
2023-01-11 00:00:00+00,0.0164
2023-01-12 00:00:00+00,0.005
2023-01-13 00:00:00+00,0.0061
2023-01-14 00:00:00+00,0.0204
2023-01-15 00:00:00+00,0.0164
2023-01-16 00:00:00+00,0.032
2023-01-17 00:00:00+00,0.0274
2023-01-18 00:00:00+00,0.0129
2023-01-19 00:00:00+00,-0.0166
2023-01-20 00:00:00+00,0.0591
2023-01-21 00:00:00+00,0.0225
2023-01-22 00:00:00+00,0.0263
2023-01-23 00:00:00+00,0.0387
2023-01-24 00:00:00+00,0.0125
2023-01-25 00:00:00+00,0.0188
2023-01-26 00:00:00+00,0.0084
2023-01-27 00:00:00+00,0.0075
2023-01-28 00:00:00+00,0.0443
2023-01-29 00:00:00+00,0.0354
2023-01-30 00:00:00+00,0.0041
2023-01-31 00:00:00+00,0.0379
2023-02-01 00:00:00+00,0.0087
2023-02-02 00:00:00+00,0.0192
2023-02-03 00:00:00+00,0.0339
2023-02-04 00:00:00+00,0.0067
2023-02-05 00:00:00+00,0.0078
2023-02-06 00:00:00+00,0.015
2023-02-07 00:00:00+00,0.004
2023-02-08 00:00:00+00,0.0096
2023-02-09 00:00:00+00,0.009
2023-02-10 00:00:00+00,0.0128
2023-02-11 00:00:00+00,0.0175
2023-02-12 00:00:00+00,0.0078
2023-02-13 00:00:00+00,0.0341
2023-02-14 00:00:00+00,0.066
2023-02-15 00:00:00+00,0.0289
2023-02-16 00:00:00+00,0.0168
2023-02-17 00:00:00+00,-0.0033
2023-02-18 00:00:00+00,0.0381
2023-02-19 00:00:00+00,0.0154
2023-02-20 00:00:00+00,0.026
2023-02-21 00:00:00+00,0.0013
2023-02-22 00:00:00+00,0.0139
2023-02-23 00:00:00+00,0.0111
2023-02-24 00:00:00+00,0.013
2023-02-25 00:00:00+00,0.0122
2023-02-26 00:00:00+00,0.0114
2023-02-27 00:00:00+00,0.0084
2023-02-28 00:00:00+00,-0.0089
2023-03-01 00:00:00+00,0.0121
2023-03-02 00:00:00+00,0.01
2023-03-03 00:00:00+00,0.0148
2023-03-04 00:00:00+00,0.0172
2023-03-05 00:00:00+00,0.0142
2023-03-06 00:00:00+00,0.0078
2023-03-07 00:00:00+00,0.0032
2023-03-08 00:00:00+00,-0.0021
2023-03-09 00:00:00+00,-0.0229
2023-03-10 00:00:00+00,0.0234
2023-03-11 00:00:00+00,0.3939
2023-03-12 00:00:00+00,0.7998
2023-03-13 00:00:00+00,0.9909
2023-03-14 00:00:00+00,0.4468
2023-03-15 00:00:00+00,0.3697
2023-03-16 00:00:00+00,0.3768
2023-03-17 00:00:00+00,0.2133
2023-03-18 00:00:00+00,0.214
2023-03-19 00:00:00+00,0.2708
2023-03-20 00:00:00+00,0.3049
2023-03-21 00:00:00+00,0.3819
2023-03-22 00:00:00+00,0.3323
2023-03-23 00:00:00+00,0.2682
2023-03-24 00:00:00+00,0.2033
2023-03-25 00:00:00+00,0.1267
2023-03-26 00:00:00+00,0.0969
2023-03-27 00:00:00+00,0.0973
2023-03-28 00:00:00+00,0.0662
2023-03-29 00:00:00+00,0.0481
2023-03-30 00:00:00+00,0.0386
2023-03-31 00:00:00+00,0.0227
2023-04-01 00:00:00+00,0.0353
2023-04-02 00:00:00+00,0.0643
2023-04-03 00:00:00+00,0.0585
2023-04-04 00:00:00+00,0.0344
2023-04-05 00:00:00+00,0.0468
2023-04-06 00:00:00+00,0.0187
2023-04-07 00:00:00+00,0.0675
2023-04-08 00:00:00+00,0.0852
2023-04-09 00:00:00+00,0.0709
2023-04-10 00:00:00+00,0.0654
2023-04-11 00:00:00+00,0.0687
2023-04-12 00:00:00+00,0.0886
2023-04-13 00:00:00+00,0.0807
2023-04-14 00:00:00+00,0.1191
2023-04-15 00:00:00+00,0.0853
2023-04-16 00:00:00+00,0.0989
2023-04-17 00:00:00+00,0.0553
2023-04-18 00:00:00+00,0.0667
2023-04-19 00:00:00+00,0.0477
2023-04-20 00:00:00+00,0.0438
2023-04-21 00:00:00+00,0.016
2023-04-22 00:00:00+00,-0.0362
2023-04-23 00:00:00+00,0.0149
2023-04-24 00:00:00+00,0.0076
2023-04-25 00:00:00+00,0.0106
2023-04-26 00:00:00+00,0.0128
2023-04-27 00:00:00+00,0.0478
2023-04-28 00:00:00+00,0.0482
2023-04-29 00:00:00+00,0.0948
2023-04-30 00:00:00+00,0.0643
2023-05-01 00:00:00+00,0.0249
2023-05-02 00:00:00+00,0.0327
2023-05-03 00:00:00+00,0.0473
2023-05-04 00:00:00+00,0.0455
2023-05-05 00:00:00+00,0.0684
2023-05-06 00:00:00+00,0.1128
2023-05-07 00:00:00+00,0.1841
2023-05-08 00:00:00+00,0.1498
2023-05-09 00:00:00+00,0.0883
2023-05-10 00:00:00+00,0.0688
2023-05-11 00:00:00+00,0.0825
2023-05-12 00:00:00+00,0.0674
2023-05-13 00:00:00+00,0.0515
2023-05-14 00:00:00+00,0.0438
2023-05-15 00:00:00+00,0.046
2023-05-16 00:00:00+00,0.0114
2023-05-17 00:00:00+00,0.0143
2023-05-18 00:00:00+00,0.0078
2023-05-19 00:00:00+00,-0.0061
2023-05-20 00:00:00+00,0.0372
2023-05-21 00:00:00+00,0.0426
2023-05-22 00:00:00+00,0.012
2023-05-23 00:00:00+00,0.0179
2023-05-24 00:00:00+00,0.0119
2023-05-25 00:00:00+00,-0.0288
2023-05-26 00:00:00+00,0.0202
2023-05-27 00:00:00+00,0.0211
2023-05-28 00:00:00+00,0.059
2023-05-29 00:00:00+00,0.0179
2023-05-30 00:00:00+00,0.0304
2023-05-31 00:00:00+00,0.0227
2023-06-01 00:00:00+00,0.0411
2023-06-02 00:00:00+00,0.0365
2023-06-03 00:00:00+00,0.037
2023-06-04 00:00:00+00,0.0334
2023-06-05 00:00:00+00,0.0252
2023-06-06 00:00:00+00,0.0517
2023-06-07 00:00:00+00,0.0491
2023-06-08 00:00:00+00,0.0294
2023-06-09 00:00:00+00,0.0268
2023-06-10 00:00:00+00,0.0189
2023-06-11 00:00:00+00,0.0576
2023-06-12 00:00:00+00,0.0441
2023-06-13 00:00:00+00,0.003
2023-06-14 00:00:00+00,-0.0189
2023-06-15 00:00:00+00,-0.0207
2023-06-16 00:00:00+00,-0.1113
2023-06-17 00:00:00+00,-0.0585
2023-06-18 00:00:00+00,-0.034
2023-06-19 00:00:00+00,-0.0134
2023-06-20 00:00:00+00,-0.0198
2023-06-21 00:00:00+00,0.0438
2023-06-22 00:00:00+00,0.0199
2023-06-23 00:00:00+00,0.0045
2023-06-24 00:00:00+00,0.0687
2023-06-25 00:00:00+00,0.0651
2023-06-26 00:00:00+00,0.0577
2023-06-27 00:00:00+00,0.014
2023-06-28 00:00:00+00,0.0118
2023-06-29 00:00:00+00,-0.0082
2023-06-30 00:00:00+00,-0.0054
2023-07-01 00:00:00+00,-0.0173
2023-07-02 00:00:00+00,0.0043
2023-07-03 00:00:00+00,-0.0113
2023-07-04 00:00:00+00,0.0209
2023-07-05 00:00:00+00,0.0208
2023-07-06 00:00:00+00,-0.0181
2023-07-07 00:00:00+00,0.0006
2023-07-08 00:00:00+00,0.0186
2023-07-09 00:00:00+00,0.0233
2023-07-10 00:00:00+00,0.025
2023-07-11 00:00:00+00,0.0274
2023-07-12 00:00:00+00,0.0083
2023-07-13 00:00:00+00,0.0107
2023-07-14 00:00:00+00,0.056
2023-07-15 00:00:00+00,0.0625
2023-07-16 00:00:00+00,0.0412
2023-07-17 00:00:00+00,0.0515
2023-07-18 00:00:00+00,0.0168
2023-07-19 00:00:00+00,0.0093
2023-07-20 00:00:00+00,0.025
2023-07-21 00:00:00+00,0.0306
2023-07-22 00:00:00+00,0.0182
2023-07-23 00:00:00+00,-0.0012
2023-07-24 00:00:00+00,-0.0071
2023-07-25 00:00:00+00,0.0016
2023-07-26 00:00:00+00,-0.013
2023-07-27 00:00:00+00,-0.0036
2023-07-28 00:00:00+00,-0.0269
2023-07-29 00:00:00+00,0.0065
2023-07-30 00:00:00+00,0.0128
2023-07-31 00:00:00+00,-0.0023
2023-08-01 00:00:00+00,-0.0056
2023-08-02 00:00:00+00,-0.0227
2023-08-03 00:00:00+00,-0.0758
2023-08-04 00:00:00+00,-0.0644
2023-08-05 00:00:00+00,-0.1269
2023-08-06 00:00:00+00,-0.0853
2023-08-07 00:00:00+00,-0.1665
2023-08-08 00:00:00+00,-0.1088
2023-08-09 00:00:00+00,-0.0013
2023-08-10 00:00:00+00,-0.065
2023-08-11 00:00:00+00,-0.1077
2023-08-12 00:00:00+00,-0.0869
2023-08-13 00:00:00+00,-0.0441
2023-08-14 00:00:00+00,-0.0958
2023-08-15 00:00:00+00,-0.0864
2023-08-16 00:00:00+00,-0.1023
2023-08-17 00:00:00+00,-0.1044
2023-08-18 00:00:00+00,0.0143
2023-08-19 00:00:00+00,-0.0196
2023-08-20 00:00:00+00,-0.0138
2023-08-21 00:00:00+00,-0.0024
2023-08-22 00:00:00+00,-0.0067
2023-08-23 00:00:00+00,-0.0539
2023-08-24 00:00:00+00,-0.0188
2023-08-25 00:00:00+00,-0.0633
2023-08-26 00:00:00+00,-0.0407
2023-08-27 00:00:00+00,-0.0298
2023-08-28 00:00:00+00,-0.0407
2023-08-29 00:00:00+00,-0.0726
2023-08-30 00:00:00+00,0.0029
2023-08-31 00:00:00+00,0.0222
2023-09-01 00:00:00+00,-0.0357
2023-09-02 00:00:00+00,-0.0365
2023-09-03 00:00:00+00,-0.0066
2023-09-04 00:00:00+00,-0.0053
2023-09-05 00:00:00+00,-0.0383
2023-09-06 00:00:00+00,-0.0373
2023-09-07 00:00:00+00,-0.0478
2023-09-08 00:00:00+00,0.0814
2023-09-09 00:00:00+00,-0.0161
2023-09-10 00:00:00+00,-0.0146
2023-09-11 00:00:00+00,-0.038
2023-09-12 00:00:00+00,-0.0413
2023-09-13 00:00:00+00,-0.0006
2023-09-14 00:00:00+00,0.0197
2023-09-15 00:00:00+00,0.0368
2023-09-16 00:00:00+00,0.0065
2023-09-17 00:00:00+00,0.0377
2023-09-18 00:00:00+00,0.013
2023-09-19 00:00:00+00,0.0057
2023-09-20 00:00:00+00,0.023
2023-09-21 00:00:00+00,-0.0087
2023-09-22 00:00:00+00,-0.0133
2023-09-23 00:00:00+00,-0.0065
2023-09-24 00:00:00+00,0.0136
2023-09-25 00:00:00+00,-0.0008
2023-09-26 00:00:00+00,-0.0332
2023-09-27 00:00:00+00,-0.0505
2023-09-28 00:00:00+00,-0.0585
2023-09-29 00:00:00+00,0.0224
2023-09-30 00:00:00+00,-0.0052
2023-10-01 00:00:00+00,-0.0058
2023-10-02 00:00:00+00,0.0103
2023-10-03 00:00:00+00,0.0346
2023-10-04 00:00:00+00,0.0092
2023-10-05 00:00:00+00,0.0272
2023-10-06 00:00:00+00,0.0101
2023-10-07 00:00:00+00,0.0504
2023-10-08 00:00:00+00,0.0707
2023-10-09 00:00:00+00,0.059
2023-10-10 00:00:00+00,0.0237
2023-10-11 00:00:00+00,0.0115
2023-10-12 00:00:00+00,-0.0281
2023-10-13 00:00:00+00,-0.0283
2023-10-14 00:00:00+00,0.0057
2023-10-15 00:00:00+00,-0.0029
2023-10-16 00:00:00+00,0.1178
2023-10-17 00:00:00+00,0.0683
2023-10-18 00:00:00+00,0.0444
2023-10-19 00:00:00+00,0.022
2023-10-20 00:00:00+00,0.0724
2023-10-21 00:00:00+00,0.0528
2023-10-22 00:00:00+00,0.0539
2023-10-23 00:00:00+00,0.0389
2023-10-24 00:00:00+00,0.0294
2023-10-25 00:00:00+00,-0.0032
2023-10-26 00:00:00+00,0.024
2023-10-27 00:00:00+00,0.0049
2023-10-28 00:00:00+00,0.0412
2023-10-29 00:00:00+00,0.0129
2023-10-30 00:00:00+00,0.0249
2023-10-31 00:00:00+00,0.0544
2023-11-01 00:00:00+00,0.0479
2023-11-02 00:00:00+00,0.0527
2023-11-03 00:00:00+00,0.0181
2023-11-04 00:00:00+00,0.039
2023-11-05 00:00:00+00,0.0724
2023-11-06 00:00:00+00,0.0683
2023-11-07 00:00:00+00,0.0381
2023-11-08 00:00:00+00,0.0494
2023-11-09 00:00:00+00,0.0404
2023-11-10 00:00:00+00,0.0079
2023-11-11 00:00:00+00,0.0622
2023-11-12 00:00:00+00,0.0268
2023-11-13 00:00:00+00,0.0604
2023-11-14 00:00:00+00,0.035
2023-11-15 00:00:00+00,0.0082
2023-11-16 00:00:00+00,0.0717
2023-11-17 00:00:00+00,-0.0065
2023-11-18 00:00:00+00,0.0482
2023-11-19 00:00:00+00,0.0767
2023-11-20 00:00:00+00,0.0782
2023-11-21 00:00:00+00,0.064
2023-11-22 00:00:00+00,0.0383
2023-11-23 00:00:00+00,0.0427
2023-11-24 00:00:00+00,0.0262
2023-11-25 00:00:00+00,0.0868
2023-11-26 00:00:00+00,0.0693
2023-11-27 00:00:00+00,0.039
2023-11-28 00:00:00+00,-0.0028
2023-11-29 00:00:00+00,0.0512
2023-11-30 00:00:00+00,0.0268
2023-12-01 00:00:00+00,0.022
2023-12-02 00:00:00+00,0.0621
2023-12-03 00:00:00+00,0.0433
2023-12-04 00:00:00+00,0.0314
2023-12-05 00:00:00+00,-0.0133
2023-12-06 00:00:00+00,0.0284
2023-12-07 00:00:00+00,0.0085
2023-12-08 00:00:00+00,0.0184
2023-12-09 00:00:00+00,0.0495
2023-12-10 00:00:00+00,0.0212
2023-12-11 00:00:00+00,0.0095
2023-12-12 00:00:00+00,-0.0577
2023-12-13 00:00:00+00,-0.0356
2023-12-14 00:00:00+00,0.0428
2023-12-15 00:00:00+00,0.0128
2023-12-16 00:00:00+00,-0.013
2023-12-17 00:00:00+00,-0.1012
2023-12-18 00:00:00+00,-0.0605
2023-12-19 00:00:00+00,-0.0183
2023-12-20 00:00:00+00,-0.023
2023-12-21 00:00:00+00,0.0096
2023-12-22 00:00:00+00,0.0314
2023-12-23 00:00:00+00,0.1015
2023-12-24 00:00:00+00,0.06
2023-12-25 00:00:00+00,0.078
2023-12-26 00:00:00+00,0.0311
2023-12-27 00:00:00+00,0.0289
2023-12-28 00:00:00+00,0.0926
2023-12-29 00:00:00+00,0.041
2023-12-30 00:00:00+00,-0.0065
2023-12-31 00:00:00+00,-0.0023
2024-01-01 00:00:00+00,0.0118
2024-01-02 00:00:00+00,0.0933
2024-01-03 00:00:00+00,0.0576
2024-01-04 00:00:00+00,0.0358
2024-01-05 00:00:00+00,0.107
2024-01-06 00:00:00+00,0.0966
2024-01-07 00:00:00+00,0.0557
2024-01-08 00:00:00+00,0.0581
2024-01-09 00:00:00+00,0.0938
2024-01-10 00:00:00+00,0.0234
2024-01-11 00:00:00+00,0.0526
2024-01-12 00:00:00+00,0.0125
2024-01-13 00:00:00+00,-0.0179
2024-01-14 00:00:00+00,-0.0202
2024-01-15 00:00:00+00,-0.082
2024-01-16 00:00:00+00,-0.0692
2024-01-17 00:00:00+00,-0.0176
2024-01-18 00:00:00+00,-0.0898
2024-01-19 00:00:00+00,-0.0894
2024-01-20 00:00:00+00,-0.0842
2024-01-21 00:00:00+00,-0.0705
2024-01-22 00:00:00+00,-0.0635
2024-01-23 00:00:00+00,-0.1106
2024-01-24 00:00:00+00,-0.0484
2024-01-25 00:00:00+00,-0.0125
2024-01-26 00:00:00+00,-0.0486
2024-01-27 00:00:00+00,-0.0204
2024-01-28 00:00:00+00,0.0141
2024-01-29 00:00:00+00,0.0084
2024-01-30 00:00:00+00,0.0014
2024-01-31 00:00:00+00,-0.0079
2024-02-01 00:00:00+00,-0.0811
2024-02-02 00:00:00+00,-0.006
2024-02-03 00:00:00+00,-0.0379
2024-02-04 00:00:00+00,-0.0076
2024-02-05 00:00:00+00,-0.0258
2024-02-06 00:00:00+00,-0.118
2024-02-07 00:00:00+00,-0.0042
2024-02-08 00:00:00+00,-0.0083
2024-02-09 00:00:00+00,0.0357
2024-02-10 00:00:00+00,0.0514
2024-02-11 00:00:00+00,0.0335
2024-02-12 00:00:00+00,0.0438
2024-02-13 00:00:00+00,0.0494
2024-02-14 00:00:00+00,0.0502
2024-02-15 00:00:00+00,0.1223
2024-02-16 00:00:00+00,0.1064
2024-02-17 00:00:00+00,0.074
2024-02-18 00:00:00+00,0.0457
2024-02-19 00:00:00+00,0.0306
2024-02-20 00:00:00+00,0.0238
2024-02-21 00:00:00+00,0.0358
2024-02-22 00:00:00+00,0.004
2024-02-23 00:00:00+00,-0.0548
2024-02-24 00:00:00+00,0.0056
2024-02-25 00:00:00+00,0.0008
2024-02-26 00:00:00+00,0.0041
2024-02-27 00:00:00+00,0.0988
2024-02-28 00:00:00+00,0.0697
2024-02-29 00:00:00+00,0.1409
2024-03-01 00:00:00+00,0.0786
2024-03-02 00:00:00+00,0.0831
2024-03-03 00:00:00+00,0.0944
2024-03-04 00:00:00+00,0.0662
2024-03-05 00:00:00+00,0.1626
2024-03-06 00:00:00+00,0.1226
2024-03-07 00:00:00+00,0.0627
2024-03-08 00:00:00+00,0.1721
2024-03-09 00:00:00+00,0.2421
2024-03-10 00:00:00+00,0.2441
2024-03-11 00:00:00+00,0.1115
2024-03-12 00:00:00+00,0.0456
2024-03-13 00:00:00+00,0.03
2024-03-14 00:00:00+00,0.0857
2024-03-15 00:00:00+00,-0.0341
2024-03-16 00:00:00+00,0.0216
2024-03-17 00:00:00+00,-0.0711
2024-03-18 00:00:00+00,-0.0573
2024-03-19 00:00:00+00,-0.0009
2024-03-20 00:00:00+00,-0.0563
2024-03-21 00:00:00+00,0.0227
2024-03-22 00:00:00+00,-0.034
2024-03-23 00:00:00+00,0.0281
2024-03-24 00:00:00+00,0.0138
2024-03-25 00:00:00+00,0.004
2024-03-26 00:00:00+00,0.0223
2024-03-27 00:00:00+00,0.0099
2024-03-28 00:00:00+00,-0.0473
2024-03-29 00:00:00+00,0.0331
2024-03-30 00:00:00+00,0.0762
2024-03-31 00:00:00+00,0.0599
2024-04-01 00:00:00+00,0.0161
2024-04-02 00:00:00+00,0.046
2024-04-03 00:00:00+00,0.0122
2024-04-04 00:00:00+00,0.0317
2024-04-05 00:00:00+00,0.0597
2024-04-06 00:00:00+00,0.0529
2024-04-07 00:00:00+00,0.0342
2024-04-08 00:00:00+00,-0.0144
2024-04-09 00:00:00+00,-0.0052
2024-04-10 00:00:00+00,-0.0437
2024-04-11 00:00:00+00,0.0104
2024-04-12 00:00:00+00,0.0207
2024-04-13 00:00:00+00,0.0478
2024-04-14 00:00:00+00,0.1515
2024-04-15 00:00:00+00,0.1564
2024-04-16 00:00:00+00,0.0536
2024-04-17 00:00:00+00,0.0353
2024-04-18 00:00:00+00,-0.0027
2024-04-19 00:00:00+00,0.0705
2024-04-20 00:00:00+00,0.0375
2024-04-21 00:00:00+00,0.0312
2024-04-22 00:00:00+00,0.0181
2024-04-23 00:00:00+00,0.055
2024-04-24 00:00:00+00,0.006
2024-04-25 00:00:00+00,-0.0578
2024-04-26 00:00:00+00,-0.0215
2024-04-27 00:00:00+00,-0.0433
2024-04-28 00:00:00+00,-0.0625
2024-04-29 00:00:00+00,-0.014
2024-04-30 00:00:00+00,-0.0329
2024-05-01 00:00:00+00,-0.0837
2024-05-02 00:00:00+00,-0.1665
2024-05-03 00:00:00+00,0.0164
2024-05-04 00:00:00+00,0.0513
2024-05-05 00:00:00+00,0.017
2024-05-06 00:00:00+00,0.0183
2024-05-07 00:00:00+00,-0.0061
2024-05-08 00:00:00+00,0.0059
2024-05-09 00:00:00+00,-0.0383
2024-05-10 00:00:00+00,-0.0007
2024-05-11 00:00:00+00,-0.0197
2024-05-12 00:00:00+00,-0.0179
2024-05-13 00:00:00+00,-0.0504
2024-05-14 00:00:00+00,-0.0201
2024-05-15 00:00:00+00,-0.0567
2024-05-16 00:00:00+00,0.0577
2024-05-17 00:00:00+00,0.026
2024-05-18 00:00:00+00,0.0333
2024-05-19 00:00:00+00,0.013
2024-05-20 00:00:00+00,-0.0201
2024-05-21 00:00:00+00,-0.0202
2024-05-22 00:00:00+00,-0.0021
2024-05-23 00:00:00+00,-0.0732
2024-05-24 00:00:00+00,-0.058
2024-05-25 00:00:00+00,-0.0065
2024-05-26 00:00:00+00,0.0183
2024-05-27 00:00:00+00,-0.0538
2024-05-28 00:00:00+00,-0.101
2024-05-29 00:00:00+00,-0.1113
2024-05-30 00:00:00+00,-0.1226
2024-05-31 00:00:00+00,-0.0199
2024-06-01 00:00:00+00,-0.0991
2024-06-02 00:00:00+00,-0.0702
2024-06-03 00:00:00+00,-0.0509
2024-06-04 00:00:00+00,-0.0274
2024-06-05 00:00:00+00,0.0055
2024-06-06 00:00:00+00,0.0178
2024-06-07 00:00:00+00,-0.0359
2024-06-08 00:00:00+00,-0.0417
2024-06-09 00:00:00+00,-0.0096
2024-06-10 00:00:00+00,-0.0102
2024-06-11 00:00:00+00,-0.0633
2024-06-12 00:00:00+00,0.0034
2024-06-13 00:00:00+00,-0.0225
2024-06-14 00:00:00+00,-0.0398
2024-06-15 00:00:00+00,-0.06
2024-06-16 00:00:00+00,-0.0547
2024-06-17 00:00:00+00,-0.0712
2024-06-18 00:00:00+00,-0.0339
2024-06-19 00:00:00+00,-0.0375
2024-06-20 00:00:00+00,-0.0442
2024-06-21 00:00:00+00,-0.0449
2024-06-22 00:00:00+00,-0.0422
2024-06-23 00:00:00+00,-0.042
2024-06-24 00:00:00+00,-0.0645
2024-06-25 00:00:00+00,-0.0606
2024-06-26 00:00:00+00,-0.0187
2024-06-27 00:00:00+00,-0.0758
2024-06-28 00:00:00+00,-0.1552
2024-06-29 00:00:00+00,-0.1911
2024-06-30 00:00:00+00,-0.1676
2024-07-01 00:00:00+00,-0.1639
2024-07-02 00:00:00+00,-0.1098
2024-07-03 00:00:00+00,-0.1545
2024-07-04 00:00:00+00,-0.1056
2024-07-05 00:00:00+00,-0.0337
2024-07-06 00:00:00+00,0.0101
2024-07-07 00:00:00+00,0.009
2024-07-08 00:00:00+00,-0.0489
2024-07-09 00:00:00+00,-0.0237
2024-07-10 00:00:00+00,-0.0037
2024-07-11 00:00:00+00,-0.0216
2024-07-12 00:00:00+00,0.0066
2024-07-13 00:00:00+00,0.0337
2024-07-14 00:00:00+00,0.0347
2024-07-15 00:00:00+00,0.0116
2024-07-16 00:00:00+00,0.0511
2024-07-17 00:00:00+00,0.0654
2024-07-18 00:00:00+00,-0.0034
2024-07-19 00:00:00+00,-0.0161
2024-07-20 00:00:00+00,0.0714
2024-07-21 00:00:00+00,0.0355
2024-07-22 00:00:00+00,0.0357
2024-07-23 00:00:00+00,0.0415
2024-07-24 00:00:00+00,-0.0025
2024-07-25 00:00:00+00,-0.0286
2024-07-26 00:00:00+00,-0.0073
2024-07-27 00:00:00+00,0.0424
2024-07-28 00:00:00+00,0.0078
2024-07-29 00:00:00+00,-0.0077
2024-07-30 00:00:00+00,-0.0263
2024-07-31 00:00:00+00,-0.0277
2024-08-01 00:00:00+00,-0.0386
2024-08-02 00:00:00+00,-0.0926
2024-08-03 00:00:00+00,-0.1305
2024-08-04 00:00:00+00,-0.0332
2024-08-05 00:00:00+00,-0.0551
2024-08-06 00:00:00+00,0.0353
2024-08-07 00:00:00+00,0.0465
2024-08-08 00:00:00+00,0.0188
2024-08-09 00:00:00+00,0.0303
2024-08-10 00:00:00+00,0.0439
2024-08-11 00:00:00+00,0.0189
2024-08-12 00:00:00+00,-0.024
2024-08-13 00:00:00+00,0.0205
2024-08-14 00:00:00+00,0.0265
2024-08-15 00:00:00+00,0.0123
2024-08-16 00:00:00+00,0.0044
2024-08-17 00:00:00+00,0.0251
2024-08-18 00:00:00+00,0.0092
2024-08-19 00:00:00+00,0.0199
2024-08-20 00:00:00+00,0.0291
2024-08-21 00:00:00+00,0.0064
2024-08-22 00:00:00+00,0.0188
2024-08-23 00:00:00+00,0.0123
2024-08-24 00:00:00+00,0.0849
2024-08-25 00:00:00+00,0.0352
2024-08-26 00:00:00+00,0.0467
2024-08-27 00:00:00+00,0.0097
2024-08-28 00:00:00+00,0.0382
2024-08-29 00:00:00+00,0.0169
2024-08-30 00:00:00+00,-0.0099
2024-08-31 00:00:00+00,-0.0108
2024-09-01 00:00:00+00,-0.0095
2024-09-02 00:00:00+00,-0.0184
2024-09-03 00:00:00+00,0.0114
2024-09-04 00:00:00+00,-0.0476
2024-09-05 00:00:00+00,0.0002
2024-09-06 00:00:00+00,-0.0413
2024-09-07 00:00:00+00,-0.024
2024-09-08 00:00:00+00,-0.0023
2024-09-09 00:00:00+00,0.0203
2024-09-10 00:00:00+00,0.0102
2024-09-11 00:00:00+00,0.009
2024-09-12 00:00:00+00,0.0258
2024-09-13 00:00:00+00,0.0087
2024-09-14 00:00:00+00,0.075
2024-09-15 00:00:00+00,0.0322
2024-09-16 00:00:00+00,-0.0157
2024-09-17 00:00:00+00,-0.0073
2024-09-18 00:00:00+00,0.0056
2024-09-19 00:00:00+00,0.0168
2024-09-20 00:00:00+00,0.0128
2024-09-21 00:00:00+00,0.0156
2024-09-22 00:00:00+00,0.0218
2024-09-23 00:00:00+00,0.0034
2024-09-24 00:00:00+00,-0.0018
2024-09-25 00:00:00+00,0.0218
2024-09-26 00:00:00+00,-0.0331
2024-09-27 00:00:00+00,0.0037
2024-09-28 00:00:00+00,0.0267
2024-09-29 00:00:00+00,-0.001
2024-09-30 00:00:00+00,-0.003
2024-10-01 00:00:00+00,-0.0349
2024-10-02 00:00:00+00,-0.0202
2024-10-03 00:00:00+00,-0.04
2024-10-04 00:00:00+00,-0.0127
2024-10-05 00:00:00+00,0.0076
2024-10-06 00:00:00+00,-0.003
2024-10-07 00:00:00+00,-0.0143
2024-10-08 00:00:00+00,-0.0324
2024-10-09 00:00:00+00,-0.0677
2024-10-10 00:00:00+00,-0.0952
2024-10-11 00:00:00+00,-0.0777
2024-10-12 00:00:00+00,-0.034
2024-10-13 00:00:00+00,-0.0366
2024-10-14 00:00:00+00,-0.0352
2024-10-15 00:00:00+00,-0.0278
2024-10-16 00:00:00+00,-0.0245
2024-10-17 00:00:00+00,-0.0171
2024-10-18 00:00:00+00,-0.0325
2024-10-19 00:00:00+00,-0.0027
2024-10-20 00:00:00+00,-0.0209
2024-10-21 00:00:00+00,-0.0248
2024-10-22 00:00:00+00,-0.0465
2024-10-23 00:00:00+00,-0.0539
2024-10-24 00:00:00+00,-0.1013
2024-10-25 00:00:00+00,-0.0607
2024-10-26 00:00:00+00,-0.2006
2024-10-27 00:00:00+00,-0.1261
2024-10-28 00:00:00+00,-0.1154
2024-10-29 00:00:00+00,-0.0539
2024-10-30 00:00:00+00,-0.0166
2024-10-31 00:00:00+00,-0.0302
2024-11-01 00:00:00+00,-0.1337
2024-11-02 00:00:00+00,-0.0422
2024-11-03 00:00:00+00,-0.0199
2024-11-04 00:00:00+00,-0.0576
2024-11-05 00:00:00+00,-0.0587
2024-11-06 00:00:00+00,0.0148
2024-11-07 00:00:00+00,0.0987
2024-11-08 00:00:00+00,0.0885
2024-11-09 00:00:00+00,0.0744
2024-11-10 00:00:00+00,0.0503
2024-11-11 00:00:00+00,0.0718
2024-11-12 00:00:00+00,0.1385
2024-11-13 00:00:00+00,0.0949
2024-11-14 00:00:00+00,0.1374
2024-11-15 00:00:00+00,0.0153
2024-11-16 00:00:00+00,0.0289
2024-11-17 00:00:00+00,0.0558
2024-11-18 00:00:00+00,0.0235
2024-11-19 00:00:00+00,0.0565
2024-11-20 00:00:00+00,0.1567
2024-11-21 00:00:00+00,0.1035
2024-11-22 00:00:00+00,0.1241
2024-11-23 00:00:00+00,0.1335
2024-11-24 00:00:00+00,0.1089
2024-11-25 00:00:00+00,0.1507
2024-11-26 00:00:00+00,-0.0092
2024-11-27 00:00:00+00,-0.0387
2024-11-28 00:00:00+00,0.0919
2024-11-29 00:00:00+00,0.0225
2024-11-30 00:00:00+00,0.0306
2024-12-01 00:00:00+00,0.0591
2024-12-02 00:00:00+00,0.0761
2024-12-03 00:00:00+00,0.0232
2024-12-04 00:00:00+00,0.0784
2024-12-05 00:00:00+00,0.1612
2024-12-06 00:00:00+00,0.1071
2024-12-07 00:00:00+00,0.1449
2024-12-08 00:00:00+00,0.0981
2024-12-09 00:00:00+00,0.0647
2024-12-10 00:00:00+00,0.0557
2024-12-11 00:00:00+00,0.071
2024-12-12 00:00:00+00,0.0856
2024-12-13 00:00:00+00,0.0205
2024-12-14 00:00:00+00,-0.001
2024-12-15 00:00:00+00,-0.0197
2024-12-16 00:00:00+00,-0.0114
2024-12-17 00:00:00+00,0.039
2024-12-18 00:00:00+00,0.0132
2024-12-19 00:00:00+00,-0.0553
2024-12-20 00:00:00+00,-0.092
2024-12-21 00:00:00+00,-0.0436
2024-12-22 00:00:00+00,-0.0636
2024-12-23 00:00:00+00,-0.0999
2024-12-24 00:00:00+00,-0.1197
2024-12-25 00:00:00+00,-0.073
2024-12-26 00:00:00+00,-0.078
2024-12-27 00:00:00+00,-0.1275
2024-12-28 00:00:00+00,-0.135
2024-12-29 00:00:00+00,-0.183
2024-12-30 00:00:00+00,-0.1865
2024-12-31 00:00:00+00,-0.1847
2025-01-01 00:00:00+00,-0.2441
2025-01-02 00:00:00+00,-0.2201
2025-01-03 00:00:00+00,-0.0818
2025-01-04 00:00:00+00,-0.035
2025-01-05 00:00:00+00,-0.0109
2025-01-06 00:00:00+00,-0.0162
2025-01-07 00:00:00+00,0.0429
2025-01-08 00:00:00+00,-0.013
2025-01-09 00:00:00+00,-0.0368
2025-01-10 00:00:00+00,-0.0055
2025-01-11 00:00:00+00,-0.026
2025-01-12 00:00:00+00,-0.0318
2025-01-13 00:00:00+00,-0.0496
2025-01-14 00:00:00+00,-0.0304
2025-01-15 00:00:00+00,-0.0268
2025-01-16 00:00:00+00,0.0069
2025-01-17 00:00:00+00,-0.0058
2025-01-18 00:00:00+00,0.0284
2025-01-19 00:00:00+00,-0.1159
2025-01-20 00:00:00+00,-0.1155
2025-01-21 00:00:00+00,-0.112
2025-01-22 00:00:00+00,0.0146
2025-01-23 00:00:00+00,-0.0454
2025-01-24 00:00:00+00,0.0154
2025-01-25 00:00:00+00,-0.003
2025-01-26 00:00:00+00,-0.0176
2025-01-27 00:00:00+00,-0.0533
2025-01-28 00:00:00+00,-0.0185
2025-01-29 00:00:00+00,-0.0449
2025-01-30 00:00:00+00,0.0162
2025-01-31 00:00:00+00,0.0159
2025-02-01 00:00:00+00,-0.0151
2025-02-02 00:00:00+00,-0.0117
2025-02-03 00:00:00+00,-0.0319
2025-02-04 00:00:00+00,0.1299
2025-02-05 00:00:00+00,0.0327
2025-02-06 00:00:00+00,0.0314
2025-02-07 00:00:00+00,0.0314
2025-02-08 00:00:00+00,0.0312
2025-02-09 00:00:00+00,0.0327
2025-02-10 00:00:00+00,0.0136
2025-02-11 00:00:00+00,0.0214
2025-02-12 00:00:00+00,-0.0076
2025-02-13 00:00:00+00,-0.0059
2025-02-14 00:00:00+00,0.0178
2025-02-15 00:00:00+00,0.0077
2025-02-16 00:00:00+00,0.0275
2025-02-17 00:00:00+00,0.0018
2025-02-18 00:00:00+00,0.0019
2025-02-19 00:00:00+00,-0.0614
2025-02-20 00:00:00+00,-0.0128
2025-02-21 00:00:00+00,0.0429
2025-02-22 00:00:00+00,-0.026
2025-02-23 00:00:00+00,0.0285
2025-02-24 00:00:00+00,0.0085
2025-02-25 00:00:00+00,-0.0359
2025-02-26 00:00:00+00,-0.1095
2025-02-27 00:00:00+00,-0.1642
2025-02-28 00:00:00+00,-0.0957
2025-03-01 00:00:00+00,-0.0619
2025-03-02 00:00:00+00,-0.0531
2025-03-03 00:00:00+00,-0.0048
2025-03-04 00:00:00+00,-0.0697
2025-03-05 00:00:00+00,-0.039
2025-03-06 00:00:00+00,0.0019
2025-03-07 00:00:00+00,-0.0187
2025-03-08 00:00:00+00,-0.0592
2025-03-09 00:00:00+00,-0.0183
2025-03-10 00:00:00+00,-0.0325
2025-03-11 00:00:00+00,-0.0467
2025-03-12 00:00:00+00,-0.0238
2025-03-13 00:00:00+00,-0.0247
2025-03-14 00:00:00+00,-0.0506
2025-03-15 00:00:00+00,0.0079
2025-03-16 00:00:00+00,0.0154
2025-03-17 00:00:00+00,0.0009
2025-03-18 00:00:00+00,0.0016
2025-03-19 00:00:00+00,-0.0187
2025-03-20 00:00:00+00,0.0369
2025-03-21 00:00:00+00,-0.0475
2025-03-22 00:00:00+00,-0.0319
2025-03-23 00:00:00+00,0.0137
2025-03-24 00:00:00+00,0.0121
2025-03-25 00:00:00+00,0.0228
2025-03-26 00:00:00+00,0.0457
2025-03-27 00:00:00+00,0.0194
2025-03-28 00:00:00+00,-0.0206
2025-03-29 00:00:00+00,-0.0504
2025-03-30 00:00:00+00,-0.0296
2025-03-31 00:00:00+00,-0.006
2025-04-01 00:00:00+00,-0.019
2025-04-02 00:00:00+00,0.0142
2025-04-03 00:00:00+00,-0.024
2025-04-04 00:00:00+00,-0.0414
2025-04-05 00:00:00+00,-0.0359
2025-04-06 00:00:00+00,-0.0384
2025-04-07 00:00:00+00,-0.0762
2025-04-08 00:00:00+00,-0.0174
2025-04-09 00:00:00+00,-0.0834
2025-04-10 00:00:00+00,-0.0267
2025-04-11 00:00:00+00,-0.0691
2025-04-12 00:00:00+00,-0.053
2025-04-13 00:00:00+00,-0.0069
2025-04-14 00:00:00+00,-0.0252
2025-04-15 00:00:00+00,0.0083
2025-04-16 00:00:00+00,-0.0257
2025-04-17 00:00:00+00,-0.002
2025-04-18 00:00:00+00,0.0166
2025-04-19 00:00:00+00,-0.0097
2025-04-20 00:00:00+00,-0.0024
2025-04-21 00:00:00+00,-0.0022
2025-04-22 00:00:00+00,-0.0031
2025-04-23 00:00:00+00,0.0534
2025-04-24 00:00:00+00,0.0532
2025-04-25 00:00:00+00,0.0442
2025-04-26 00:00:00+00,0.073
2025-04-27 00:00:00+00,0.0408
2025-04-28 00:00:00+00,0.0334
2025-04-29 00:00:00+00,0.033
2025-04-30 00:00:00+00,0.0151
2025-05-01 00:00:00+00,0.0112
2025-05-02 00:00:00+00,0.0364
2025-05-03 00:00:00+00,0.0441
2025-05-04 00:00:00+00,0.0096
2025-05-05 00:00:00+00,-0.0054
2025-05-06 00:00:00+00,0.0006
2025-05-07 00:00:00+00,0.011
2025-05-08 00:00:00+00,0.0287
2025-05-09 00:00:00+00,-0.0091
2025-05-10 00:00:00+00,0.0098
2025-05-11 00:00:00+00,0.0079
2025-05-12 00:00:00+00,0.0188
2025-05-13 00:00:00+00,0.0087
2025-05-14 00:00:00+00,0.0264
2025-05-15 00:00:00+00,0.032
2025-05-16 00:00:00+00,0.0219
2025-05-17 00:00:00+00,0.0349
2025-05-18 00:00:00+00,0.0348
2025-05-19 00:00:00+00,0.0324
2025-05-20 00:00:00+00,0.0402
2025-05-21 00:00:00+00,0.0311
2025-05-22 00:00:00+00,0.0435
2025-05-23 00:00:00+00,0.0284
2025-05-24 00:00:00+00,0.0143
2025-05-25 00:00:00+00,0.0298
2025-05-26 00:00:00+00,0.0406
2025-05-27 00:00:00+00,0.0272
2025-05-28 00:00:00+00,0.037
2025-05-29 00:00:00+00,0.0348
2025-05-30 00:00:00+00,-0.0163
2025-05-31 00:00:00+00,0.0457
2025-06-01 00:00:00+00,0.0516
2025-06-02 00:00:00+00,0.0521
2025-06-03 00:00:00+00,0.0535
2025-06-04 00:00:00+00,0.0636
2025-06-05 00:00:00+00,0.054
2025-06-06 00:00:00+00,0.0606
2025-06-07 00:00:00+00,0.1051
2025-06-08 00:00:00+00,0.0634
2025-06-09 00:00:00+00,0.0477
2025-06-10 00:00:00+00,0.0333
2025-06-11 00:00:00+00,0.0235
2025-06-12 00:00:00+00,0.0264
2025-06-13 00:00:00+00,0.0423
2025-06-14 00:00:00+00,0.0452
2025-06-15 00:00:00+00,0.0482
2025-06-16 00:00:00+00,0.0059
2025-06-17 00:00:00+00,0.0551
2025-06-18 00:00:00+00,0.0376
2025-06-19 00:00:00+00,0.0275
2025-06-20 00:00:00+00,0.0122
2025-06-21 00:00:00+00,0.0192
2025-06-22 00:00:00+00,0.0447
2025-06-23 00:00:00+00,0.0327
2025-06-24 00:00:00+00,0.0802
2025-06-25 00:00:00+00,0.0547
2025-06-26 00:00:00+00,0.0556
2025-06-27 00:00:00+00,0.0772
2025-06-28 00:00:00+00,0.0723
2025-06-29 00:00:00+00,0.0516
2025-06-30 00:00:00+00,0.0278
2025-07-01 00:00:00+00,0.0249
2025-07-02 00:00:00+00,0.029
2025-07-03 00:00:00+00,0.0344
2025-07-04 00:00:00+00,0.0402
2025-07-05 00:00:00+00,0.0411
2025-07-06 00:00:00+00,0.0449
2025-07-07 00:00:00+00,0.0186
2025-07-08 00:00:00+00,0.0079
2025-07-09 00:00:00+00,0.0281
2025-07-10 00:00:00+00,0.0439
2025-07-11 00:00:00+00,0.0172
2025-07-12 00:00:00+00,0.0464
2025-07-13 00:00:00+00,0.0448
2025-07-14 00:00:00+00,0.0505
2025-07-15 00:00:00+00,0.0188
2025-07-16 00:00:00+00,0.02
2025-07-17 00:00:00+00,0.0432
2025-07-18 00:00:00+00,0.0807
2025-07-19 00:00:00+00,0.0833
2025-07-20 00:00:00+00,0.0629
2025-07-21 00:00:00+00,0.0454
2025-07-22 00:00:00+00,0.0413
2025-07-23 00:00:00+00,0.0665
2025-07-24 00:00:00+00,0.0458
2025-07-25 00:00:00+00,0.0505
2025-07-26 00:00:00+00,0.0161
2025-07-27 00:00:00+00,0.0524
2025-07-28 00:00:00+00,0.0418
2025-07-29 00:00:00+00,0.0103
2025-07-30 00:00:00+00,-0.0147
2025-07-31 00:00:00+00,-0.0086
2025-08-01 00:00:00+00,-0.0069
2025-08-02 00:00:00+00,-0.0433
2025-08-03 00:00:00+00,-0.0032
2025-08-04 00:00:00+00,0.0018
2025-08-05 00:00:00+00,0.001
2025-08-06 00:00:00+00,-0.0147
2025-08-07 00:00:00+00,0.0318
2025-08-08 00:00:00+00,0.0372
2025-08-09 00:00:00+00,0.0082
2025-08-10 00:00:00+00,0.026
2025-08-11 00:00:00+00,0.0127
2025-08-12 00:00:00+00,0.0133
2025-08-13 00:00:00+00,-0.0209
2025-08-14 00:00:00+00,0.0502
2025-08-15 00:00:00+00,0.0801
2025-08-16 00:00:00+00,0.0809
2025-08-17 00:00:00+00,0.0639
2025-08-18 00:00:00+00,0.0712
2025-08-19 00:00:00+00,0.0514
2025-08-20 00:00:00+00,-0.0196
2025-08-21 00:00:00+00,0.0042
2025-08-22 00:00:00+00,-0.0216
2025-08-23 00:00:00+00,-0.0218
2025-08-24 00:00:00+00,-0.0469
2025-08-25 00:00:00+00,-0.0137
2025-08-26 00:00:00+00,0.0143
2025-08-27 00:00:00+00,0.0222
2025-08-28 00:00:00+00,-0.0079
2025-08-29 00:00:00+00,0.007
2025-08-30 00:00:00+00,0.0008
2025-08-31 00:00:00+00,0.0107
2025-09-01 00:00:00+00,0.0015
2025-09-02 00:00:00+00,0.0029
2025-09-03 00:00:00+00,0.0071
2025-09-04 00:00:00+00,0.0454
2025-09-05 00:00:00+00,-0.0148
2025-09-06 00:00:00+00,0.0091
2025-09-07 00:00:00+00,0.0238
2025-09-08 00:00:00+00,-0.0153
