date_utc,s2f_next_halving
2010-08-17,834
2010-08-18,833
2010-08-19,832
2010-08-20,831
2010-08-21,830
2010-08-22,829
2010-08-23,828
2010-08-24,827
2010-08-25,826
2010-08-26,825
2010-08-27,824
2010-08-28,823
2010-08-29,822
2010-08-30,821
2010-08-31,820
2010-09-01,819
2010-09-02,818
2010-09-03,817
2010-09-04,816
2010-09-05,815
2010-09-06,814
2010-09-07,813
2010-09-08,812
2010-09-09,811
2010-09-10,810
2010-09-11,809
2010-09-12,808
2010-09-13,807
2010-09-14,806
2010-09-15,805
2010-09-16,804
2010-09-17,803
2010-09-18,802
2010-09-19,801
2010-09-20,800
2010-09-21,799
2010-09-22,798
2010-09-23,797
2010-09-24,796
2010-09-25,795
2010-09-26,794
2010-09-27,793
2010-09-28,792
2010-09-29,791
2010-09-30,790
2010-10-01,789
2010-10-02,788
2010-10-03,787
2010-10-04,786
2010-10-05,785
2010-10-06,784
2010-10-07,783
2010-10-08,782
2010-10-09,781
2010-10-10,780
2010-10-11,779
2010-10-12,778
2010-10-13,777
2010-10-14,776
2010-10-15,775
2010-10-16,774
2010-10-17,773
2010-10-18,772
2010-10-19,771
2010-10-20,770
2010-10-21,769
2010-10-22,768
2010-10-23,767
2010-10-24,766
2010-10-25,765
2010-10-26,764
2010-10-27,763
2010-10-28,762
2010-10-29,761
2010-10-30,760
2010-10-31,759
2010-11-01,758
2010-11-02,757
2010-11-03,756
2010-11-04,755
2010-11-05,754
2010-11-06,753
2010-11-07,752
2010-11-08,751
2010-11-09,750
2010-11-10,749
2010-11-11,748
2010-11-12,747
2010-11-13,746
2010-11-14,745
2010-11-15,744
2010-11-16,743
2010-11-17,742
2010-11-18,741
2010-11-19,740
2010-11-20,739
2010-11-21,738
2010-11-22,737
2010-11-23,736
2010-11-24,735
2010-11-25,734
2010-11-26,733
2010-11-27,732
2010-11-28,731
2010-11-29,730
2010-11-30,729
2010-12-01,728
2010-12-02,727
2010-12-03,726
2010-12-04,725
2010-12-05,724
2010-12-06,723
2010-12-07,722
2010-12-08,721
2010-12-09,720
2010-12-10,719
2010-12-11,718
2010-12-12,717
2010-12-13,716
2010-12-14,715
2010-12-15,714
2010-12-16,713
2010-12-17,712
2010-12-18,711
2010-12-19,710
2010-12-20,709
2010-12-21,708
2010-12-22,707
2010-12-23,706
2010-12-24,705
2010-12-25,704
2010-12-26,703
2010-12-27,702
2010-12-28,701
2010-12-29,700
2010-12-30,699
2010-12-31,698
2011-01-01,697
2011-01-02,696
2011-01-03,695
2011-01-04,694
2011-01-05,693
2011-01-06,692
2011-01-07,691
2011-01-08,690
2011-01-09,689
2011-01-10,688
2011-01-11,687
2011-01-12,686
2011-01-13,685
2011-01-14,684
2011-01-15,683
2011-01-16,682
2011-01-17,681
2011-01-18,680
2011-01-19,679
2011-01-20,678
2011-01-21,677
2011-01-22,676
2011-01-23,675
2011-01-24,674
2011-01-25,673
2011-01-26,672
2011-01-27,671
2011-01-28,670
2011-01-29,669
2011-01-30,668
2011-01-31,667
2011-02-01,666
2011-02-02,665
2011-02-03,664
2011-02-04,663
2011-02-05,662
2011-02-06,661
2011-02-07,660
2011-02-08,659
2011-02-09,658
2011-02-10,657
2011-02-11,656
2011-02-12,655
2011-02-13,654
2011-02-14,653
2011-02-15,652
2011-02-16,651
2011-02-17,650
2011-02-18,649
2011-02-19,648
2011-02-20,647
2011-02-21,646
2011-02-22,645
2011-02-23,644
2011-02-24,643
2011-02-25,642
2011-02-26,641
2011-02-27,640
2011-02-28,639
2011-03-01,638
2011-03-02,637
2011-03-03,636
2011-03-04,635
2011-03-05,634
2011-03-06,633
2011-03-07,632
2011-03-08,631
2011-03-09,630
2011-03-10,629
2011-03-11,628
2011-03-12,627
2011-03-13,626
2011-03-14,625
2011-03-15,624
2011-03-16,623
2011-03-17,622
2011-03-18,621
2011-03-19,620
2011-03-20,619
2011-03-21,618
2011-03-22,617
2011-03-23,616
2011-03-24,615
2011-03-25,614
2011-03-26,613
2011-03-27,612
2011-03-28,611
2011-03-29,610
2011-03-30,609
2011-03-31,608
2011-04-01,607
2011-04-02,606
2011-04-03,605
2011-04-04,604
2011-04-05,603
2011-04-06,602
2011-04-07,601
2011-04-08,600
2011-04-09,599
2011-04-10,598
2011-04-11,597
2011-04-12,596
2011-04-13,595
2011-04-14,594
2011-04-15,593
2011-04-16,592
2011-04-17,591
2011-04-18,590
2011-04-19,589
2011-04-20,588
2011-04-21,587
2011-04-22,586
2011-04-23,585
2011-04-24,584
2011-04-25,583
2011-04-26,582
2011-04-27,581
2011-04-28,580
2011-04-29,579
2011-04-30,578
2011-05-01,577
2011-05-02,576
2011-05-03,575
2011-05-04,574
2011-05-05,573
2011-05-06,572
2011-05-07,571
2011-05-08,570
2011-05-09,569
2011-05-10,568
2011-05-11,567
2011-05-12,566
2011-05-13,565
2011-05-14,564
2011-05-15,563
2011-05-16,562
2011-05-17,561
2011-05-18,560
2011-05-19,559
2011-05-20,558
2011-05-21,557
2011-05-22,556
2011-05-23,555
2011-05-24,554
2011-05-25,553
2011-05-26,552
2011-05-27,551
2011-05-28,550
2011-05-29,549
2011-05-30,548
2011-05-31,547
2011-06-01,546
2011-06-02,545
2011-06-03,544
2011-06-04,543
2011-06-05,542
2011-06-06,541
2011-06-07,540
2011-06-08,539
2011-06-09,538
2011-06-10,537
2011-06-11,536
2011-06-12,535
2011-06-13,534
2011-06-14,533
2011-06-15,532
2011-06-16,531
2011-06-17,530
2011-06-18,529
2011-06-19,528
2011-06-20,527
2011-06-21,526
2011-06-22,525
2011-06-23,524
2011-06-24,523
2011-06-25,522
2011-06-26,521
2011-06-27,520
2011-06-28,519
2011-06-29,518
2011-06-30,517
2011-07-01,516
2011-07-02,515
2011-07-03,514
2011-07-04,513
2011-07-05,512
2011-07-06,511
2011-07-07,510
2011-07-08,509
2011-07-09,508
2011-07-10,507
2011-07-11,506
2011-07-12,505
2011-07-13,504
2011-07-14,503
2011-07-15,502
2011-07-16,501
2011-07-17,500
2011-07-18,499
2011-07-19,498
2011-07-20,497
2011-07-21,496
2011-07-22,495
2011-07-23,494
2011-07-24,493
2011-07-25,492
2011-07-26,491
2011-07-27,490
2011-07-28,489
2011-07-29,488
2011-07-30,487
2011-07-31,486
2011-08-01,485
2011-08-02,484
2011-08-03,483
2011-08-04,482
2011-08-05,481
2011-08-06,480
2011-08-07,479
2011-08-08,478
2011-08-09,477
2011-08-10,476
2011-08-11,475
2011-08-12,474
2011-08-13,473
2011-08-14,472
2011-08-15,471
2011-08-16,470
2011-08-17,469
2011-08-18,468
2011-08-19,467
2011-08-20,466
2011-08-21,465
2011-08-22,464
2011-08-23,463
2011-08-24,462
2011-08-25,461
2011-08-26,460
2011-08-27,459
2011-08-28,458
2011-08-29,457
2011-08-30,456
2011-08-31,455
2011-09-01,454
2011-09-02,453
2011-09-03,452
2011-09-04,451
2011-09-05,450
2011-09-06,449
2011-09-07,448
2011-09-08,447
2011-09-09,446
2011-09-10,445
2011-09-11,444
2011-09-12,443
2011-09-13,442
2011-09-14,441
2011-09-15,440
2011-09-16,439
2011-09-17,438
2011-09-18,437
2011-09-19,436
2011-09-20,435
2011-09-21,434
2011-09-22,433
2011-09-23,432
2011-09-24,431
2011-09-25,430
2011-09-26,429
2011-09-27,428
2011-09-28,427
2011-09-29,426
2011-09-30,425
2011-10-01,424
2011-10-02,423
2011-10-03,422
2011-10-04,421
2011-10-05,420
2011-10-06,419
2011-10-07,418
2011-10-08,417
2011-10-09,416
2011-10-10,415
2011-10-11,414
2011-10-12,413
2011-10-13,412
2011-10-14,411
2011-10-15,410
2011-10-16,409
2011-10-17,408
2011-10-18,407
2011-10-19,406
2011-10-20,405
2011-10-21,404
2011-10-22,403
2011-10-23,402
2011-10-24,401
2011-10-25,400
2011-10-26,399
2011-10-27,398
2011-10-28,397
2011-10-29,396
2011-10-30,395
2011-10-31,394
2011-11-01,393
2011-11-02,392
2011-11-03,391
2011-11-04,390
2011-11-05,389
2011-11-06,388
2011-11-07,387
2011-11-08,386
2011-11-09,385
2011-11-10,384
2011-11-11,383
2011-11-12,382
2011-11-13,381
2011-11-14,380
2011-11-15,379
2011-11-16,378
2011-11-17,377
2011-11-18,376
2011-11-19,375
2011-11-20,374
2011-11-21,373
2011-11-22,372
2011-11-23,371
2011-11-24,370
2011-11-25,369
2011-11-26,368
2011-11-27,367
2011-11-28,366
2011-11-29,365
2011-11-30,364
2011-12-01,363
2011-12-02,362
2011-12-03,361
2011-12-04,360
2011-12-05,359
2011-12-06,358
2011-12-07,357
2011-12-08,356
2011-12-09,355
2011-12-10,354
2011-12-11,353
2011-12-12,352
2011-12-13,351
2011-12-14,350
2011-12-15,349
2011-12-16,348
2011-12-17,347
2011-12-18,346
2011-12-19,345
2011-12-20,344
2011-12-21,343
2011-12-22,342
2011-12-23,341
2011-12-24,340
2011-12-25,339
2011-12-26,338
2011-12-27,337
2011-12-28,336
2011-12-29,335
2011-12-30,334
2011-12-31,333
2012-01-01,332
2012-01-02,331
2012-01-03,330
2012-01-04,329
2012-01-05,328
2012-01-06,327
2012-01-07,326
2012-01-08,325
2012-01-09,324
2012-01-10,323
2012-01-11,322
2012-01-12,321
2012-01-13,320
2012-01-14,319
2012-01-15,318
2012-01-16,317
2012-01-17,316
2012-01-18,315
2012-01-19,314
2012-01-20,313
2012-01-21,312
2012-01-22,311
2012-01-23,310
2012-01-24,309
2012-01-25,308
2012-01-26,307
2012-01-27,306
2012-01-28,305
2012-01-29,304
2012-01-30,303
2012-01-31,302
2012-02-01,301
2012-02-02,300
2012-02-03,299
2012-02-04,298
2012-02-05,297
2012-02-06,296
2012-02-07,295
2012-02-08,294
2012-02-09,293
2012-02-10,292
2012-02-11,291
2012-02-12,290
2012-02-13,289
2012-02-14,288
2012-02-15,287
2012-02-16,286
2012-02-17,285
2012-02-18,284
2012-02-19,283
2012-02-20,282
2012-02-21,281
2012-02-22,280
2012-02-23,279
2012-02-24,278
2012-02-25,277
2012-02-26,276
2012-02-27,275
2012-02-28,274
2012-02-29,273
2012-03-01,272
2012-03-02,271
2012-03-03,270
2012-03-04,269
2012-03-05,268
2012-03-06,267
2012-03-07,266
2012-03-08,265
2012-03-09,264
2012-03-10,263
2012-03-11,262
2012-03-12,261
2012-03-13,260
2012-03-14,259
2012-03-15,258
2012-03-16,257
2012-03-17,256
2012-03-18,255
2012-03-19,254
2012-03-20,253
2012-03-21,252
2012-03-22,251
2012-03-23,250
2012-03-24,249
2012-03-25,248
2012-03-26,247
2012-03-27,246
2012-03-28,245
2012-03-29,244
2012-03-30,243
2012-03-31,242
2012-04-01,241
2012-04-02,240
2012-04-03,239
2012-04-04,238
2012-04-05,237
2012-04-06,236
2012-04-07,235
2012-04-08,234
2012-04-09,233
2012-04-10,232
2012-04-11,231
2012-04-12,230
2012-04-13,229
2012-04-14,228
2012-04-15,227
2012-04-16,226
2012-04-17,225
2012-04-18,224
2012-04-19,223
2012-04-20,222
2012-04-21,221
2012-04-22,220
2012-04-23,219
2012-04-24,218
2012-04-25,217
2012-04-26,216
2012-04-27,215
2012-04-28,214
2012-04-29,213
2012-04-30,212
2012-05-01,211
2012-05-02,210
2012-05-03,209
2012-05-04,208
2012-05-05,207
2012-05-06,206
2012-05-07,205
2012-05-08,204
2012-05-09,203
2012-05-10,202
2012-05-11,201
2012-05-12,200
2012-05-13,199
2012-05-14,198
2012-05-15,197
2012-05-16,196
2012-05-17,195
2012-05-18,194
2012-05-19,193
2012-05-20,192
2012-05-21,191
2012-05-22,190
2012-05-23,189
2012-05-24,188
2012-05-25,187
2012-05-26,186
2012-05-27,185
2012-05-28,184
2012-05-29,183
2012-05-30,182
2012-05-31,181
2012-06-01,180
2012-06-02,179
2012-06-03,178
2012-06-04,177
2012-06-05,176
2012-06-06,175
2012-06-07,174
2012-06-08,173
2012-06-09,172
2012-06-10,171
2012-06-11,170
2012-06-12,169
2012-06-13,168
2012-06-14,167
2012-06-15,166
2012-06-16,165
2012-06-17,164
2012-06-18,163
2012-06-19,162
2012-06-20,161
2012-06-21,160
2012-06-22,159
2012-06-23,158
2012-06-24,157
2012-06-25,156
2012-06-26,155
2012-06-27,154
2012-06-28,153
2012-06-29,152
2012-06-30,151
2012-07-01,150
2012-07-02,149
2012-07-03,148
2012-07-04,147
2012-07-05,146
2012-07-06,145
2012-07-07,144
2012-07-08,143
2012-07-09,142
2012-07-10,141
2012-07-11,140
2012-07-12,139
2012-07-13,138
2012-07-14,137
2012-07-15,136
2012-07-16,135
2012-07-17,134
2012-07-18,133
2012-07-19,132
2012-07-20,131
2012-07-21,130
2012-07-22,129
2012-07-23,128
2012-07-24,127
2012-07-25,126
2012-07-26,125
2012-07-27,124
2012-07-28,123
2012-07-29,122
2012-07-30,121
2012-07-31,120
2012-08-01,119
2012-08-02,118
2012-08-03,117
2012-08-04,116
2012-08-05,115
2012-08-06,114
2012-08-07,113
2012-08-08,112
2012-08-09,111
2012-08-10,110
2012-08-11,109
2012-08-12,108
2012-08-13,107
2012-08-14,106
2012-08-15,105
2012-08-16,104
2012-08-17,103
2012-08-18,102
2012-08-19,101
2012-08-20,100
2012-08-21,99
2012-08-22,98
2012-08-23,97
2012-08-24,96
2012-08-25,95
2012-08-26,94
2012-08-27,93
2012-08-28,92
2012-08-29,91
2012-08-30,90
2012-08-31,89
2012-09-01,88
2012-09-02,87
2012-09-03,86
2012-09-04,85
2012-09-05,84
2012-09-06,83
2012-09-07,82
2012-09-08,81
2012-09-09,80
2012-09-10,79
2012-09-11,78
2012-09-12,77
2012-09-13,76
2012-09-14,75
2012-09-15,74
2012-09-16,73
2012-09-17,72
2012-09-18,71
2012-09-19,70
2012-09-20,69
2012-09-21,68
2012-09-22,67
2012-09-23,66
2012-09-24,65
2012-09-25,64
2012-09-26,63
2012-09-27,62
2012-09-28,61
2012-09-29,60
2012-09-30,59
2012-10-01,58
2012-10-02,57
2012-10-03,56
2012-10-04,55
2012-10-05,54
2012-10-06,53
2012-10-07,52
2012-10-08,51
2012-10-09,50
2012-10-10,49
2012-10-11,48
2012-10-12,47
2012-10-13,46
2012-10-14,45
2012-10-15,44
2012-10-16,43
2012-10-17,42
2012-10-18,41
2012-10-19,40
2012-10-20,39
2012-10-21,38
2012-10-22,37
2012-10-23,36
2012-10-24,35
2012-10-25,34
2012-10-26,33
2012-10-27,32
2012-10-28,31
2012-10-29,30
2012-10-30,29
2012-10-31,28
2012-11-01,27
2012-11-02,26
2012-11-03,25
2012-11-04,24
2012-11-05,23
2012-11-06,22
2012-11-07,21
2012-11-08,20
2012-11-09,19
2012-11-10,18
2012-11-11,17
2012-11-12,16
2012-11-13,15
2012-11-14,14
2012-11-15,13
2012-11-16,12
2012-11-17,11
2012-11-18,10
2012-11-19,9
2012-11-20,8
2012-11-21,7
2012-11-22,6
2012-11-23,5
2012-11-24,4
2012-11-25,3
2012-11-26,2
2012-11-27,1
2012-11-28,0
2012-11-29,1378
2012-11-30,1377
2012-12-01,1376
2012-12-02,1375
2012-12-03,1374
2012-12-04,1373
2012-12-05,1372
2012-12-06,1371
2012-12-07,1370
2012-12-08,1369
2012-12-09,1368
2012-12-10,1367
2012-12-11,1366
2012-12-12,1365
2012-12-13,1364
2012-12-14,1363
2012-12-15,1362
2012-12-16,1361
2012-12-17,1360
2012-12-18,1359
2012-12-19,1358
2012-12-20,1357
2012-12-21,1356
2012-12-22,1355
2012-12-23,1354
2012-12-24,1353
2012-12-25,1352
2012-12-26,1351
2012-12-27,1350
2012-12-28,1349
2012-12-29,1348
2012-12-30,1347
2012-12-31,1346
2013-01-01,1345
2013-01-02,1344
2013-01-03,1343
2013-01-04,1342
2013-01-05,1341
2013-01-06,1340
2013-01-07,1339
2013-01-08,1338
2013-01-09,1337
2013-01-10,1336
2013-01-11,1335
2013-01-12,1334
2013-01-13,1333
2013-01-14,1332
2013-01-15,1331
2013-01-16,1330
2013-01-17,1329
2013-01-18,1328
2013-01-19,1327
2013-01-20,1326
2013-01-21,1325
2013-01-22,1324
2013-01-23,1323
2013-01-24,1322
2013-01-25,1321
2013-01-26,1320
2013-01-27,1319
2013-01-28,1318
2013-01-29,1317
2013-01-30,1316
2013-01-31,1315
2013-02-01,1314
2013-02-02,1313
2013-02-03,1312
2013-02-04,1311
2013-02-05,1310
2013-02-06,1309
2013-02-07,1308
2013-02-08,1307
2013-02-09,1306
2013-02-10,1305
2013-02-11,1304
2013-02-12,1303
2013-02-13,1302
2013-02-14,1301
2013-02-15,1300
2013-02-16,1299
2013-02-17,1298
2013-02-18,1297
2013-02-19,1296
2013-02-20,1295
2013-02-21,1294
2013-02-22,1293
2013-02-23,1292
2013-02-24,1291
2013-02-25,1290
2013-02-26,1289
2013-02-27,1288
2013-02-28,1287
2013-03-01,1286
2013-03-02,1285
2013-03-03,1284
2013-03-04,1283
2013-03-05,1282
2013-03-06,1281
2013-03-07,1280
2013-03-08,1279
2013-03-09,1278
2013-03-10,1277
2013-03-11,1276
2013-03-12,1275
2013-03-13,1274
2013-03-14,1273
2013-03-15,1272
2013-03-16,1271
2013-03-17,1270
2013-03-18,1269
2013-03-19,1268
2013-03-20,1267
2013-03-21,1266
2013-03-22,1265
2013-03-23,1264
2013-03-24,1263
2013-03-25,1262
2013-03-26,1261
2013-03-27,1260
2013-03-28,1259
2013-03-29,1258
2013-03-30,1257
2013-03-31,1256
2013-04-01,1255
2013-04-02,1254
2013-04-03,1253
2013-04-04,1252
2013-04-05,1251
2013-04-06,1250
2013-04-07,1249
2013-04-08,1248
2013-04-09,1247
2013-04-10,1246
2013-04-11,1245
2013-04-12,1244
2013-04-13,1243
2013-04-14,1242
2013-04-15,1241
2013-04-16,1240
2013-04-17,1239
2013-04-18,1238
2013-04-19,1237
2013-04-20,1236
2013-04-21,1235
2013-04-22,1234
2013-04-23,1233
2013-04-24,1232
2013-04-25,1231
2013-04-26,1230
2013-04-27,1229
2013-04-28,1228
2013-04-29,1227
2013-04-30,1226
2013-05-01,1225
2013-05-02,1224
2013-05-03,1223
2013-05-04,1222
2013-05-05,1221
2013-05-06,1220
2013-05-07,1219
2013-05-08,1218
2013-05-09,1217
2013-05-10,1216
2013-05-11,1215
2013-05-12,1214
2013-05-13,1213
2013-05-14,1212
2013-05-15,1211
2013-05-16,1210
2013-05-17,1209
2013-05-18,1208
2013-05-19,1207
2013-05-20,1206
2013-05-21,1205
2013-05-22,1204
2013-05-23,1203
2013-05-24,1202
2013-05-25,1201
2013-05-26,1200
2013-05-27,1199
2013-05-28,1198
2013-05-29,1197
2013-05-30,1196
2013-05-31,1195
2013-06-01,1194
2013-06-02,1193
2013-06-03,1192
2013-06-04,1191
2013-06-05,1190
2013-06-06,1189
2013-06-07,1188
2013-06-08,1187
2013-06-09,1186
2013-06-10,1185
2013-06-11,1184
2013-06-12,1183
2013-06-13,1182
2013-06-14,1181
2013-06-15,1180
2013-06-16,1179
2013-06-17,1178
2013-06-18,1177
2013-06-19,1176
2013-06-20,1175
2013-06-21,1174
2013-06-22,1173
2013-06-23,1172
2013-06-24,1171
2013-06-25,1170
2013-06-26,1169
2013-06-27,1168
2013-06-28,1167
2013-06-29,1166
2013-06-30,1165
2013-07-01,1164
2013-07-02,1163
2013-07-03,1162
2013-07-04,1161
2013-07-05,1160
2013-07-06,1159
2013-07-07,1158
2013-07-08,1157
2013-07-09,1156
2013-07-10,1155
2013-07-11,1154
2013-07-12,1153
2013-07-13,1152
2013-07-14,1151
2013-07-15,1150
2013-07-16,1149
2013-07-17,1148
2013-07-18,1147
2013-07-19,1146
2013-07-20,1145
2013-07-21,1144
2013-07-22,1143
2013-07-23,1142
2013-07-24,1141
2013-07-25,1140
2013-07-26,1139
2013-07-27,1138
2013-07-28,1137
2013-07-29,1136
2013-07-30,1135
2013-07-31,1134
2013-08-01,1133
2013-08-02,1132
2013-08-03,1131
2013-08-04,1130
2013-08-05,1129
2013-08-06,1128
2013-08-07,1127
2013-08-08,1126
2013-08-09,1125
2013-08-10,1124
2013-08-11,1123
2013-08-12,1122
2013-08-13,1121
2013-08-14,1120
2013-08-15,1119
2013-08-16,1118
2013-08-17,1117
2013-08-18,1116
2013-08-19,1115
2013-08-20,1114
2013-08-21,1113
2013-08-22,1112
2013-08-23,1111
2013-08-24,1110
2013-08-25,1109
2013-08-26,1108
2013-08-27,1107
2013-08-28,1106
2013-08-29,1105
2013-08-30,1104
2013-08-31,1103
2013-09-01,1102
2013-09-02,1101
2013-09-03,1100
2013-09-04,1099
2013-09-05,1098
2013-09-06,1097
2013-09-07,1096
2013-09-08,1095
2013-09-09,1094
2013-09-10,1093
2013-09-11,1092
2013-09-12,1091
2013-09-13,1090
2013-09-14,1089
2013-09-15,1088
2013-09-16,1087
2013-09-17,1086
2013-09-18,1085
2013-09-19,1084
2013-09-20,1083
2013-09-21,1082
2013-09-22,1081
2013-09-23,1080
2013-09-24,1079
2013-09-25,1078
2013-09-26,1077
2013-09-27,1076
2013-09-28,1075
2013-09-29,1074
2013-09-30,1073
2013-10-01,1072
2013-10-02,1071
2013-10-03,1070
2013-10-04,1069
2013-10-05,1068
2013-10-06,1067
2013-10-07,1066
2013-10-08,1065
2013-10-09,1064
2013-10-10,1063
2013-10-11,1062
2013-10-12,1061
2013-10-13,1060
2013-10-14,1059
2013-10-15,1058
2013-10-16,1057
2013-10-17,1056
2013-10-18,1055
2013-10-19,1054
2013-10-20,1053
2013-10-21,1052
2013-10-22,1051
2013-10-23,1050
2013-10-24,1049
2013-10-25,1048
2013-10-26,1047
2013-10-27,1046
2013-10-28,1045
2013-10-29,1044
2013-10-30,1043
2013-10-31,1042
2013-11-01,1041
2013-11-02,1040
2013-11-03,1039
2013-11-04,1038
2013-11-05,1037
2013-11-06,1036
2013-11-07,1035
2013-11-08,1034
2013-11-09,1033
2013-11-10,1032
2013-11-11,1031
2013-11-12,1030
2013-11-13,1029
2013-11-14,1028
2013-11-15,1027
2013-11-16,1026
2013-11-17,1025
2013-11-18,1024
2013-11-19,1023
2013-11-20,1022
2013-11-21,1021
2013-11-22,1020
2013-11-23,1019
2013-11-24,1018
2013-11-25,1017
2013-11-26,1016
2013-11-27,1015
2013-11-28,1014
2013-11-29,1013
2013-11-30,1012
2013-12-01,1011
2013-12-02,1010
2013-12-03,1009
2013-12-04,1008
2013-12-05,1007
2013-12-06,1006
2013-12-07,1005
2013-12-08,1004
2013-12-09,1003
2013-12-10,1002
2013-12-11,1001
2013-12-12,1000
2013-12-13,999
2013-12-14,998
2013-12-15,997
2013-12-16,996
2013-12-17,995
2013-12-18,994
2013-12-19,993
2013-12-20,992
2013-12-21,991
2013-12-22,990
2013-12-23,989
2013-12-24,988
2013-12-25,987
2013-12-26,986
2013-12-27,985
2013-12-28,984
2013-12-29,983
2013-12-30,982
2013-12-31,981
2014-01-01,980
2014-01-02,979
2014-01-03,978
2014-01-04,977
2014-01-05,976
2014-01-06,975
2014-01-07,974
2014-01-08,973
2014-01-09,972
2014-01-10,971
2014-01-11,970
2014-01-12,969
2014-01-13,968
2014-01-14,967
2014-01-15,966
2014-01-16,965
2014-01-17,964
2014-01-18,963
2014-01-19,962
2014-01-20,961
2014-01-21,960
2014-01-22,959
2014-01-23,958
2014-01-24,957
2014-01-25,956
2014-01-26,955
2014-01-27,954
2014-01-28,953
2014-01-29,952
2014-01-30,951
2014-01-31,950
2014-02-01,949
2014-02-02,948
2014-02-03,947
2014-02-04,946
2014-02-05,945
2014-02-06,944
2014-02-07,943
2014-02-08,942
2014-02-09,941
2014-02-10,940
2014-02-11,939
2014-02-12,938
2014-02-13,937
2014-02-14,936
2014-02-15,935
2014-02-16,934
2014-02-17,933
2014-02-18,932
2014-02-19,931
2014-02-20,930
2014-02-21,929
2014-02-22,928
2014-02-23,927
2014-02-24,926
2014-02-25,925
2014-02-26,924
2014-02-27,923
2014-02-28,922
2014-03-01,921
2014-03-02,920
2014-03-03,919
2014-03-04,918
2014-03-05,917
2014-03-06,916
2014-03-07,915
2014-03-08,914
2014-03-09,913
2014-03-10,912
2014-03-11,911
2014-03-12,910
2014-03-13,909
2014-03-14,908
2014-03-15,907
2014-03-16,906
2014-03-17,905
2014-03-18,904
2014-03-19,903
2014-03-20,902
2014-03-21,901
2014-03-22,900
2014-03-23,899
2014-03-24,898
2014-03-25,897
2014-03-26,896
2014-03-27,895
2014-03-28,894
2014-03-29,893
2014-03-30,892
2014-03-31,891
2014-04-01,890
2014-04-02,889
2014-04-03,888
2014-04-04,887
2014-04-05,886
2014-04-06,885
2014-04-07,884
2014-04-08,883
2014-04-09,882
2014-04-10,881
2014-04-11,880
2014-04-12,879
2014-04-13,878
2014-04-14,877
2014-04-15,876
2014-04-16,875
2014-04-17,874
2014-04-18,873
2014-04-19,872
2014-04-20,871
2014-04-21,870
2014-04-22,869
2014-04-23,868
2014-04-24,867
2014-04-25,866
2014-04-26,865
2014-04-27,864
2014-04-28,863
2014-04-29,862
2014-04-30,861
2014-05-01,860
2014-05-02,859
2014-05-03,858
2014-05-04,857
2014-05-05,856
2014-05-06,855
2014-05-07,854
2014-05-08,853
2014-05-09,852
2014-05-10,851
2014-05-11,850
2014-05-12,849
2014-05-13,848
2014-05-14,847
2014-05-15,846
2014-05-16,845
2014-05-17,844
2014-05-18,843
2014-05-19,842
2014-05-20,841
2014-05-21,840
2014-05-22,839
2014-05-23,838
2014-05-24,837
2014-05-25,836
2014-05-26,835
2014-05-27,834
2014-05-28,833
2014-05-29,832
2014-05-30,831
2014-05-31,830
2014-06-01,829
2014-06-02,828
2014-06-03,827
2014-06-04,826
2014-06-05,825
2014-06-06,824
2014-06-07,823
2014-06-08,822
2014-06-09,821
2014-06-10,820
2014-06-11,819
2014-06-12,818
2014-06-13,817
2014-06-14,816
2014-06-15,815
2014-06-16,814
2014-06-17,813
2014-06-18,812
2014-06-19,811
2014-06-20,810
2014-06-21,809
2014-06-22,808
2014-06-23,807
2014-06-24,806
2014-06-25,805
2014-06-26,804
2014-06-27,803
2014-06-28,802
2014-06-29,801
2014-06-30,800
2014-07-01,799
2014-07-02,798
2014-07-03,797
2014-07-04,796
2014-07-05,795
2014-07-06,794
2014-07-07,793
2014-07-08,792
2014-07-09,791
2014-07-10,790
2014-07-11,789
2014-07-12,788
2014-07-13,787
2014-07-14,786
2014-07-15,785
2014-07-16,784
2014-07-17,783
2014-07-18,782
2014-07-19,781
2014-07-20,780
2014-07-21,779
2014-07-22,778
2014-07-23,777
2014-07-24,776
2014-07-25,775
2014-07-26,774
2014-07-27,773
2014-07-28,772
2014-07-29,771
2014-07-30,770
2014-07-31,769
2014-08-01,768
2014-08-02,767
2014-08-03,766
2014-08-04,765
2014-08-05,764
2014-08-06,763
2014-08-07,762
2014-08-08,761
2014-08-09,760
2014-08-10,759
2014-08-11,758
2014-08-12,757
2014-08-13,756
2014-08-14,755
2014-08-15,754
2014-08-16,753
2014-08-17,752
2014-08-18,751
2014-08-19,750
2014-08-20,749
2014-08-21,748
2014-08-22,747
2014-08-23,746
2014-08-24,745
2014-08-25,744
2014-08-26,743
2014-08-27,742
2014-08-28,741
2014-08-29,740
2014-08-30,739
2014-08-31,738
2014-09-01,737
2014-09-02,736
2014-09-03,735
2014-09-04,734
2014-09-05,733
2014-09-06,732
2014-09-07,731
2014-09-08,730
2014-09-09,729
2014-09-10,728
2014-09-11,727
2014-09-12,726
2014-09-13,725
2014-09-14,724
2014-09-15,723
2014-09-16,722
2014-09-17,721
2014-09-18,720
2014-09-19,719
2014-09-20,718
2014-09-21,717
2014-09-22,716
2014-09-23,715
2014-09-24,714
2014-09-25,713
2014-09-26,712
2014-09-27,711
2014-09-28,710
2014-09-29,709
2014-09-30,708
2014-10-01,707
2014-10-02,706
2014-10-03,705
2014-10-04,704
2014-10-05,703
2014-10-06,702
2014-10-07,701
2014-10-08,700
2014-10-09,699
2014-10-10,698
2014-10-11,697
2014-10-12,696
2014-10-13,695
2014-10-14,694
2014-10-15,693
2014-10-16,692
2014-10-17,691
2014-10-18,690
2014-10-19,689
2014-10-20,688
2014-10-21,687
2014-10-22,686
2014-10-23,685
2014-10-24,684
2014-10-25,683
2014-10-26,682
2014-10-27,681
2014-10-28,680
2014-10-29,679
2014-10-30,678
2014-10-31,677
2014-11-01,676
2014-11-02,675
2014-11-03,674
2014-11-04,673
2014-11-05,672
2014-11-06,671
2014-11-07,670
2014-11-08,669
2014-11-09,668
2014-11-10,667
2014-11-11,666
2014-11-12,665
2014-11-13,664
2014-11-14,663
2014-11-15,662
2014-11-16,661
2014-11-17,660
2014-11-18,659
2014-11-19,658
2014-11-20,657
2014-11-21,656
2014-11-22,655
2014-11-23,654
2014-11-24,653
2014-11-25,652
2014-11-26,651
2014-11-27,650
2014-11-28,649
2014-11-29,648
2014-11-30,647
2014-12-01,646
2014-12-02,645
2014-12-03,644
2014-12-04,643
2014-12-05,642
2014-12-06,641
2014-12-07,640
2014-12-08,639
2014-12-09,638
2014-12-10,637
2014-12-11,636
2014-12-12,635
2014-12-13,634
2014-12-14,633
2014-12-15,632
2014-12-16,631
2014-12-17,630
2014-12-18,629
2014-12-19,628
2014-12-20,627
2014-12-21,626
2014-12-22,625
2014-12-23,624
2014-12-24,623
2014-12-25,622
2014-12-26,621
2014-12-27,620
2014-12-28,619
2014-12-29,618
2014-12-30,617
2014-12-31,616
2015-01-01,615
2015-01-02,614
2015-01-03,613
2015-01-04,612
2015-01-05,611
2015-01-06,610
2015-01-07,609
2015-01-08,608
2015-01-09,607
2015-01-10,606
2015-01-11,605
2015-01-12,604
2015-01-13,603
2015-01-14,602
2015-01-15,601
2015-01-16,600
2015-01-17,599
2015-01-18,598
2015-01-19,597
2015-01-20,596
2015-01-21,595
2015-01-22,594
2015-01-23,593
2015-01-24,592
2015-01-25,591
2015-01-26,590
2015-01-27,589
2015-01-28,588
2015-01-29,587
2015-01-30,586
2015-01-31,585
2015-02-01,584
2015-02-02,583
2015-02-03,582
2015-02-04,581
2015-02-05,580
2015-02-06,579
2015-02-07,578
2015-02-08,577
2015-02-09,576
2015-02-10,575
2015-02-11,574
2015-02-12,573
2015-02-13,572
2015-02-14,571
2015-02-15,570
2015-02-16,569
2015-02-17,568
2015-02-18,567
2015-02-19,566
2015-02-20,565
2015-02-21,564
2015-02-22,563
2015-02-23,562
2015-02-24,561
2015-02-25,560
2015-02-26,559
2015-02-27,558
2015-02-28,557
2015-03-01,556
2015-03-02,555
2015-03-03,554
2015-03-04,553
2015-03-05,552
2015-03-06,551
2015-03-07,550
2015-03-08,549
2015-03-09,548
2015-03-10,547
2015-03-11,546
2015-03-12,545
2015-03-13,544
2015-03-14,543
2015-03-15,542
2015-03-16,541
2015-03-17,540
2015-03-18,539
2015-03-19,538
2015-03-20,537
2015-03-21,536
2015-03-22,535
2015-03-23,534
2015-03-24,533
2015-03-25,532
2015-03-26,531
2015-03-27,530
2015-03-28,529
2015-03-29,528
2015-03-30,527
2015-03-31,526
2015-04-01,525
2015-04-02,524
2015-04-03,523
2015-04-04,522
2015-04-05,521
2015-04-06,520
2015-04-07,519
2015-04-08,518
2015-04-09,517
2015-04-10,516
2015-04-11,515
2015-04-12,514
2015-04-13,513
2015-04-14,512
2015-04-15,511
2015-04-16,510
2015-04-17,509
2015-04-18,508
2015-04-19,507
2015-04-20,506
2015-04-21,505
2015-04-22,504
2015-04-23,503
2015-04-24,502
2015-04-25,501
2015-04-26,500
2015-04-27,499
2015-04-28,498
2015-04-29,497
2015-04-30,496
2015-05-01,495
2015-05-02,494
2015-05-03,493
2015-05-04,492
2015-05-05,491
2015-05-06,490
2015-05-07,489
2015-05-08,488
2015-05-09,487
2015-05-10,486
2015-05-11,485
2015-05-12,484
2015-05-13,483
2015-05-14,482
2015-05-15,481
2015-05-16,480
2015-05-17,479
2015-05-18,478
2015-05-19,477
2015-05-20,476
2015-05-21,475
2015-05-22,474
2015-05-23,473
2015-05-24,472
2015-05-25,471
2015-05-26,470
2015-05-27,469
2015-05-28,468
2015-05-29,467
2015-05-30,466
2015-05-31,465
2015-06-01,464
2015-06-02,463
2015-06-03,462
2015-06-04,461
2015-06-05,460
2015-06-06,459
2015-06-07,458
2015-06-08,457
2015-06-09,456
2015-06-10,455
2015-06-11,454
2015-06-12,453
2015-06-13,452
2015-06-14,451
2015-06-15,450
2015-06-16,449
2015-06-17,448
2015-06-18,447
2015-06-19,446
2015-06-20,445
2015-06-21,444
2015-06-22,443
2015-06-23,442
2015-06-24,441
2015-06-25,440
2015-06-26,439
2015-06-27,438
2015-06-28,437
2015-06-29,436
2015-06-30,435
2015-07-01,434
2015-07-02,433
2015-07-03,432
2015-07-04,431
2015-07-05,430
2015-07-06,429
2015-07-07,428
2015-07-08,427
2015-07-09,426
2015-07-10,425
2015-07-11,424
2015-07-12,423
2015-07-13,422
2015-07-14,421
2015-07-15,420
2015-07-16,419
2015-07-17,418
2015-07-18,417
2015-07-19,416
2015-07-20,415
2015-07-21,414
2015-07-22,413
2015-07-23,412
2015-07-24,411
2015-07-25,410
2015-07-26,409
2015-07-27,408
2015-07-28,407
2015-07-29,406
2015-07-30,405
2015-07-31,404
2015-08-01,403
2015-08-02,402
2015-08-03,401
2015-08-04,400
2015-08-05,399
2015-08-06,398
2015-08-07,397
2015-08-08,396
2015-08-09,395
2015-08-10,394
2015-08-11,393
2015-08-12,392
2015-08-13,391
2015-08-14,390
2015-08-15,389
2015-08-16,388
2015-08-17,387
2015-08-18,386
2015-08-19,385
2015-08-20,384
2015-08-21,383
2015-08-22,382
2015-08-23,381
2015-08-24,380
2015-08-25,379
2015-08-26,378
2015-08-27,377
2015-08-28,376
2015-08-29,375
2015-08-30,374
2015-08-31,373
2015-09-01,372
2015-09-02,371
2015-09-03,370
2015-09-04,369
2015-09-05,368
2015-09-06,367
2015-09-07,366
2015-09-08,365
2015-09-09,364
2015-09-10,363
2015-09-11,362
2015-09-12,361
2015-09-13,360
2015-09-14,359
2015-09-15,358
2015-09-16,357
2015-09-17,356
2015-09-18,355
2015-09-19,354
2015-09-20,353
2015-09-21,352
2015-09-22,351
2015-09-23,350
2015-09-24,349
2015-09-25,348
2015-09-26,347
2015-09-27,346
2015-09-28,345
2015-09-29,344
2015-09-30,343
2015-10-01,342
2015-10-02,341
2015-10-03,340
2015-10-04,339
2015-10-05,338
2015-10-06,337
2015-10-07,336
2015-10-08,335
2015-10-09,334
2015-10-10,333
2015-10-11,332
2015-10-12,331
2015-10-13,330
2015-10-14,329
2015-10-15,328
2015-10-16,327
2015-10-17,326
2015-10-18,325
2015-10-19,324
2015-10-20,323
2015-10-21,322
2015-10-22,321
2015-10-23,320
2015-10-24,319
2015-10-25,318
2015-10-26,317
2015-10-27,316
2015-10-28,315
2015-10-29,314
2015-10-30,313
2015-10-31,312
2015-11-01,311
2015-11-02,310
2015-11-03,309
2015-11-04,308
2015-11-05,307
2015-11-06,306
2015-11-07,305
2015-11-08,304
2015-11-09,303
2015-11-10,302
2015-11-11,301
2015-11-12,300
2015-11-13,299
2015-11-14,298
2015-11-15,297
2015-11-16,296
2015-11-17,295
2015-11-18,294
2015-11-19,293
2015-11-20,292
2015-11-21,291
2015-11-22,290
2015-11-23,289
2015-11-24,288
2015-11-25,287
2015-11-26,286
2015-11-27,285
2015-11-28,284
2015-11-29,283
2015-11-30,282
2015-12-01,281
2015-12-02,280
2015-12-03,279
2015-12-04,278
2015-12-05,277
2015-12-06,276
2015-12-07,275
2015-12-08,274
2015-12-09,273
2015-12-10,272
2015-12-11,271
2015-12-12,270
2015-12-13,269
2015-12-14,268
2015-12-15,267
2015-12-16,266
2015-12-17,265
2015-12-18,264
2015-12-19,263
2015-12-20,262
2015-12-21,261
2015-12-22,260
2015-12-23,259
2015-12-24,258
2015-12-25,257
2015-12-26,256
2015-12-27,255
2015-12-28,254
2015-12-29,253
2015-12-30,252
2015-12-31,251
2016-01-01,250
2016-01-02,249
2016-01-03,248
2016-01-04,247
2016-01-05,246
2016-01-06,245
2016-01-07,244
2016-01-08,243
2016-01-09,242
2016-01-10,241
2016-01-11,240
2016-01-12,239
2016-01-13,238
2016-01-14,237
2016-01-15,236
2016-01-16,235
2016-01-17,234
2016-01-18,233
2016-01-19,232
2016-01-20,231
2016-01-21,230
2016-01-22,229
2016-01-23,228
2016-01-24,227
2016-01-25,226
2016-01-26,225
2016-01-27,224
2016-01-28,223
2016-01-29,222
2016-01-30,221
2016-01-31,220
2016-02-01,219
2016-02-02,218
2016-02-03,217
2016-02-04,216
2016-02-05,215
2016-02-06,214
2016-02-07,213
2016-02-08,212
2016-02-09,211
2016-02-10,210
2016-02-11,209
2016-02-12,208
2016-02-13,207
2016-02-14,206
2016-02-15,205
2016-02-16,204
2016-02-17,203
2016-02-18,202
2016-02-19,201
2016-02-20,200
2016-02-21,199
2016-02-22,198
2016-02-23,197
2016-02-24,196
2016-02-25,195
2016-02-26,194
2016-02-27,193
2016-02-28,192
2016-02-29,191
2016-03-01,190
2016-03-02,189
2016-03-03,188
2016-03-04,187
2016-03-05,186
2016-03-06,185
2016-03-07,184
2016-03-08,183
2016-03-09,182
2016-03-10,181
2016-03-11,180
2016-03-12,179
2016-03-13,178
2016-03-14,177
2016-03-15,176
2016-03-16,175
2016-03-17,174
2016-03-18,173
2016-03-19,172
2016-03-20,171
2016-03-21,170
2016-03-22,169
2016-03-23,168
2016-03-24,167
2016-03-25,166
2016-03-26,165
2016-03-27,164
2016-03-28,163
2016-03-29,162
2016-03-30,161
2016-03-31,160
2016-04-01,159
2016-04-02,158
2016-04-03,157
2016-04-04,156
2016-04-05,155
2016-04-06,154
2016-04-07,153
2016-04-08,152
2016-04-09,151
2016-04-10,150
2016-04-11,149
2016-04-12,148
2016-04-13,147
2016-04-14,146
2016-04-15,145
2016-04-16,144
2016-04-17,143
2016-04-18,142
2016-04-19,141
2016-04-20,140
2016-04-21,139
2016-04-22,138
2016-04-23,137
2016-04-24,136
2016-04-25,135
2016-04-26,134
2016-04-27,133
2016-04-28,132
2016-04-29,131
2016-04-30,130
2016-05-01,129
2016-05-02,128
2016-05-03,127
2016-05-04,126
2016-05-05,125
2016-05-06,124
2016-05-07,123
2016-05-08,122
2016-05-09,121
2016-05-10,120
2016-05-11,119
2016-05-12,118
2016-05-13,117
2016-05-14,116
2016-05-15,115
2016-05-16,114
2016-05-17,113
2016-05-18,112
2016-05-19,111
2016-05-20,110
2016-05-21,109
2016-05-22,108
2016-05-23,107
2016-05-24,106
2016-05-25,105
2016-05-26,104
2016-05-27,103
2016-05-28,102
2016-05-29,101
2016-05-30,100
2016-05-31,99
2016-06-01,98
2016-06-02,97
2016-06-03,96
2016-06-04,95
2016-06-05,94
2016-06-06,93
2016-06-07,92
2016-06-08,91
2016-06-09,90
2016-06-10,89
2016-06-11,88
2016-06-12,87
2016-06-13,86
2016-06-14,85
2016-06-15,84
2016-06-16,83
2016-06-17,82
2016-06-18,81
2016-06-19,80
2016-06-20,79
2016-06-21,78
2016-06-22,77
2016-06-23,76
2016-06-24,75
2016-06-25,74
2016-06-26,73
2016-06-27,72
2016-06-28,71
2016-06-29,70
2016-06-30,69
2016-07-01,68
2016-07-02,67
2016-07-03,66
2016-07-04,65
2016-07-05,64
2016-07-06,63
2016-07-07,62
2016-07-08,61
2016-07-09,60
2016-07-10,59
2016-07-11,58
2016-07-12,57
2016-07-13,56
2016-07-14,55
2016-07-15,54
2016-07-16,53
2016-07-17,52
2016-07-18,51
2016-07-19,50
2016-07-20,49
2016-07-21,48
2016-07-22,47
2016-07-23,46
2016-07-24,45
2016-07-25,44
2016-07-26,43
2016-07-27,42
2016-07-28,41
2016-07-29,40
2016-07-30,39
2016-07-31,38
2016-08-01,37
2016-08-02,36
2016-08-03,35
2016-08-04,34
2016-08-05,33
2016-08-06,32
2016-08-07,31
2016-08-08,30
2016-08-09,29
2016-08-10,28
2016-08-11,27
2016-08-12,26
2016-08-13,25
2016-08-14,24
2016-08-15,23
2016-08-16,22
2016-08-17,21
2016-08-18,20
2016-08-19,19
2016-08-20,18
2016-08-21,17
2016-08-22,16
2016-08-23,15
2016-08-24,14
2016-08-25,13
2016-08-26,12
2016-08-27,11
2016-08-28,10
2016-08-29,9
2016-08-30,8
2016-08-31,7
2016-09-01,6
2016-09-02,5
2016-09-03,4
2016-09-04,3
2016-09-05,2
2016-09-06,1
2016-09-07,0
2016-09-08,1333
2016-09-09,1332
2016-09-10,1331
2016-09-11,1330
2016-09-12,1329
2016-09-13,1328
2016-09-14,1327
2016-09-15,1326
2016-09-16,1325
2016-09-17,1324
2016-09-18,1323
2016-09-19,1322
2016-09-20,1321
2016-09-21,1320
2016-09-22,1319
2016-09-23,1318
2016-09-24,1317
2016-09-25,1316
2016-09-26,1315
2016-09-27,1314
2016-09-28,1313
2016-09-29,1312
2016-09-30,1311
2016-10-01,1310
2016-10-02,1309
2016-10-03,1308
2016-10-04,1307
2016-10-05,1306
2016-10-06,1305
2016-10-07,1304
2016-10-08,1303
2016-10-09,1302
2016-10-10,1301
2016-10-11,1300
2016-10-12,1299
2016-10-13,1298
2016-10-14,1297
2016-10-15,1296
2016-10-16,1295
2016-10-17,1294
2016-10-18,1293
2016-10-19,1292
2016-10-20,1291
2016-10-21,1290
2016-10-22,1289
2016-10-23,1288
2016-10-24,1287
2016-10-25,1286
2016-10-26,1285
2016-10-27,1284
2016-10-28,1283
2016-10-29,1282
2016-10-30,1281
2016-10-31,1280
2016-11-01,1279
2016-11-02,1278
2016-11-03,1277
2016-11-04,1276
2016-11-05,1275
2016-11-06,1274
2016-11-07,1273
2016-11-08,1272
2016-11-09,1271
2016-11-10,1270
2016-11-11,1269
2016-11-12,1268
2016-11-13,1267
2016-11-14,1266
2016-11-15,1265
2016-11-16,1264
2016-11-17,1263
2016-11-18,1262
2016-11-19,1261
2016-11-20,1260
2016-11-21,1259
2016-11-22,1258
2016-11-23,1257
2016-11-24,1256
2016-11-25,1255
2016-11-26,1254
2016-11-27,1253
2016-11-28,1252
2016-11-29,1251
2016-11-30,1250
2016-12-01,1249
2016-12-02,1248
2016-12-03,1247
2016-12-04,1246
2016-12-05,1245
2016-12-06,1244
2016-12-07,1243
2016-12-08,1242
2016-12-09,1241
2016-12-10,1240
2016-12-11,1239
2016-12-12,1238
2016-12-13,1237
2016-12-14,1236
2016-12-15,1235
2016-12-16,1234
2016-12-17,1233
2016-12-18,1232
2016-12-19,1231
2016-12-20,1230
2016-12-21,1229
2016-12-22,1228
2016-12-23,1227
2016-12-24,1226
2016-12-25,1225
2016-12-26,1224
2016-12-27,1223
2016-12-28,1222
2016-12-29,1221
2016-12-30,1220
2016-12-31,1219
2017-01-01,1218
2017-01-02,1217
2017-01-03,1216
2017-01-04,1215
2017-01-05,1214
2017-01-06,1213
2017-01-07,1212
2017-01-08,1211
2017-01-09,1210
2017-01-10,1209
2017-01-11,1208
2017-01-12,1207
2017-01-13,1206
2017-01-14,1205
2017-01-15,1204
2017-01-16,1203
2017-01-17,1202
2017-01-18,1201
2017-01-19,1200
2017-01-20,1199
2017-01-21,1198
2017-01-22,1197
2017-01-23,1196
2017-01-24,1195
2017-01-25,1194
2017-01-26,1193
2017-01-27,1192
2017-01-28,1191
2017-01-29,1190
2017-01-30,1189
2017-01-31,1188
2017-02-01,1187
2017-02-02,1186
2017-02-03,1185
2017-02-04,1184
2017-02-05,1183
2017-02-06,1182
2017-02-07,1181
2017-02-08,1180
2017-02-09,1179
2017-02-10,1178
2017-02-11,1177
2017-02-12,1176
2017-02-13,1175
2017-02-14,1174
2017-02-15,1173
2017-02-16,1172
2017-02-17,1171
2017-02-18,1170
2017-02-19,1169
2017-02-20,1168
2017-02-21,1167
2017-02-22,1166
2017-02-23,1165
2017-02-24,1164
2017-02-25,1163
2017-02-26,1162
2017-02-27,1161
2017-02-28,1160
2017-03-01,1159
2017-03-02,1158
2017-03-03,1157
2017-03-04,1156
2017-03-05,1155
2017-03-06,1154
2017-03-07,1153
2017-03-08,1152
2017-03-09,1151
2017-03-10,1150
2017-03-11,1149
2017-03-12,1148
2017-03-13,1147
2017-03-14,1146
2017-03-15,1145
2017-03-16,1144
2017-03-17,1143
2017-03-18,1142
2017-03-19,1141
2017-03-20,1140
2017-03-21,1139
2017-03-22,1138
2017-03-23,1137
2017-03-24,1136
2017-03-25,1135
2017-03-26,1134
2017-03-27,1133
2017-03-28,1132
2017-03-29,1131
2017-03-30,1130
2017-03-31,1129
2017-04-01,1128
2017-04-02,1127
2017-04-03,1126
2017-04-04,1125
2017-04-05,1124
2017-04-06,1123
2017-04-07,1122
2017-04-08,1121
2017-04-09,1120
2017-04-10,1119
2017-04-11,1118
2017-04-12,1117
2017-04-13,1116
2017-04-14,1115
2017-04-15,1114
2017-04-16,1113
2017-04-17,1112
2017-04-18,1111
2017-04-19,1110
2017-04-20,1109
2017-04-21,1108
2017-04-22,1107
2017-04-23,1106
2017-04-24,1105
2017-04-25,1104
2017-04-26,1103
2017-04-27,1102
2017-04-28,1101
2017-04-29,1100
2017-04-30,1099
2017-05-01,1098
2017-05-02,1097
2017-05-03,1096
2017-05-04,1095
2017-05-05,1094
2017-05-06,1093
2017-05-07,1092
2017-05-08,1091
2017-05-09,1090
2017-05-10,1089
2017-05-11,1088
2017-05-12,1087
2017-05-13,1086
2017-05-14,1085
2017-05-15,1084
2017-05-16,1083
2017-05-17,1082
2017-05-18,1081
2017-05-19,1080
2017-05-20,1079
2017-05-21,1078
2017-05-22,1077
2017-05-23,1076
2017-05-24,1075
2017-05-25,1074
2017-05-26,1073
2017-05-27,1072
2017-05-28,1071
2017-05-29,1070
2017-05-30,1069
2017-05-31,1068
2017-06-01,1067
2017-06-02,1066
2017-06-03,1065
2017-06-04,1064
2017-06-05,1063
2017-06-06,1062
2017-06-07,1061
2017-06-08,1060
2017-06-09,1059
2017-06-10,1058
2017-06-11,1057
2017-06-12,1056
2017-06-13,1055
2017-06-14,1054
2017-06-15,1053
2017-06-16,1052
2017-06-17,1051
2017-06-18,1050
2017-06-19,1049
2017-06-20,1048
2017-06-21,1047
2017-06-22,1046
2017-06-23,1045
2017-06-24,1044
2017-06-25,1043
2017-06-26,1042
2017-06-27,1041
2017-06-28,1040
2017-06-29,1039
2017-06-30,1038
2017-07-01,1037
2017-07-02,1036
2017-07-03,1035
2017-07-04,1034
2017-07-05,1033
2017-07-06,1032
2017-07-07,1031
2017-07-08,1030
2017-07-09,1029
2017-07-10,1028
2017-07-11,1027
2017-07-12,1026
2017-07-13,1025
2017-07-14,1024
2017-07-15,1023
2017-07-16,1022
2017-07-17,1021
2017-07-18,1020
2017-07-19,1019
2017-07-20,1018
2017-07-21,1017
2017-07-22,1016
2017-07-23,1015
2017-07-24,1014
2017-07-25,1013
2017-07-26,1012
2017-07-27,1011
2017-07-28,1010
2017-07-29,1009
2017-07-30,1008
2017-07-31,1007
2017-08-01,1006
2017-08-02,1005
2017-08-03,1004
2017-08-04,1003
2017-08-05,1002
2017-08-06,1001
2017-08-07,1000
2017-08-08,999
2017-08-09,998
2017-08-10,997
2017-08-11,996
2017-08-12,995
2017-08-13,994
2017-08-14,993
2017-08-15,992
2017-08-16,991
2017-08-17,990
2017-08-18,989
2017-08-19,988
2017-08-20,987
2017-08-21,986
2017-08-22,985
2017-08-23,984
2017-08-24,983
2017-08-25,982
2017-08-26,981
2017-08-27,980
2017-08-28,979
2017-08-29,978
2017-08-30,977
2017-08-31,976
2017-09-01,975
2017-09-02,974
2017-09-03,973
2017-09-04,972
2017-09-05,971
2017-09-06,970
2017-09-07,969
2017-09-08,968
2017-09-09,967
2017-09-10,966
2017-09-11,965
2017-09-12,964
2017-09-13,963
2017-09-14,962
2017-09-15,961
2017-09-16,960
2017-09-17,959
2017-09-18,958
2017-09-19,957
2017-09-20,956
2017-09-21,955
2017-09-22,954
2017-09-23,953
2017-09-24,952
2017-09-25,951
2017-09-26,950
2017-09-27,949
2017-09-28,948
2017-09-29,947
2017-09-30,946
2017-10-01,945
2017-10-02,944
2017-10-03,943
2017-10-04,942
2017-10-05,941
2017-10-06,940
2017-10-07,939
2017-10-08,938
2017-10-09,937
2017-10-10,936
2017-10-11,935
2017-10-12,934
2017-10-13,933
2017-10-14,932
2017-10-15,931
2017-10-16,930
2017-10-17,929
2017-10-18,928
2017-10-19,927
2017-10-20,926
2017-10-21,925
2017-10-22,924
2017-10-23,923
2017-10-24,922
2017-10-25,921
2017-10-26,920
2017-10-27,919
2017-10-28,918
2017-10-29,917
2017-10-30,916
2017-10-31,915
2017-11-01,914
2017-11-02,913
2017-11-03,912
2017-11-04,911
2017-11-05,910
2017-11-06,909
2017-11-07,908
2017-11-08,907
2017-11-09,906
2017-11-10,905
2017-11-11,904
2017-11-12,903
2017-11-13,902
2017-11-14,901
2017-11-15,900
2017-11-16,899
2017-11-17,898
2017-11-18,897
2017-11-19,896
2017-11-20,895
2017-11-21,894
2017-11-22,893
2017-11-23,892
2017-11-24,891
2017-11-25,890
2017-11-26,889
2017-11-27,888
2017-11-28,887
2017-11-29,886
2017-11-30,885
2017-12-01,884
2017-12-02,883
2017-12-03,882
2017-12-04,881
2017-12-05,880
2017-12-06,879
2017-12-07,878
2017-12-08,877
2017-12-09,876
2017-12-10,875
2017-12-11,874
2017-12-12,873
2017-12-13,872
2017-12-14,871
2017-12-15,870
2017-12-16,869
2017-12-17,868
2017-12-18,867
2017-12-19,866
2017-12-20,865
2017-12-21,864
2017-12-22,863
2017-12-23,862
2017-12-24,861
2017-12-25,860
2017-12-26,859
2017-12-27,858
2017-12-28,857
2017-12-29,856
2017-12-30,855
2017-12-31,854
2018-01-01,853
2018-01-02,852
2018-01-03,851
2018-01-04,850
2018-01-05,849
2018-01-06,848
2018-01-07,847
2018-01-08,846
2018-01-09,845
2018-01-10,844
2018-01-11,843
2018-01-12,842
2018-01-13,841
2018-01-14,840
2018-01-15,839
2018-01-16,838
2018-01-17,837
2018-01-18,836
2018-01-19,835
2018-01-20,834
2018-01-21,833
2018-01-22,832
2018-01-23,831
2018-01-24,830
2018-01-25,829
2018-01-26,828
2018-01-27,827
2018-01-28,826
2018-01-29,825
2018-01-30,824
2018-01-31,823
2018-02-01,822
2018-02-02,821
2018-02-03,820
2018-02-04,819
2018-02-05,818
2018-02-06,817
2018-02-07,816
2018-02-08,815
2018-02-09,814
2018-02-10,813
2018-02-11,812
2018-02-12,811
2018-02-13,810
2018-02-14,809
2018-02-15,808
2018-02-16,807
2018-02-17,806
2018-02-18,805
2018-02-19,804
2018-02-20,803
2018-02-21,802
2018-02-22,801
2018-02-23,800
2018-02-24,799
2018-02-25,798
2018-02-26,797
2018-02-27,796
2018-02-28,795
2018-03-01,794
2018-03-02,793
2018-03-03,792
2018-03-04,791
2018-03-05,790
2018-03-06,789
2018-03-07,788
2018-03-08,787
2018-03-09,786
2018-03-10,785
2018-03-11,784
2018-03-12,783
2018-03-13,782
2018-03-14,781
2018-03-15,780
2018-03-16,779
2018-03-17,778
2018-03-18,777
2018-03-19,776
2018-03-20,775
2018-03-21,774
2018-03-22,773
2018-03-23,772
2018-03-24,771
2018-03-25,770
2018-03-26,769
2018-03-27,768
2018-03-28,767
2018-03-29,766
2018-03-30,765
2018-03-31,764
2018-04-01,763
2018-04-02,762
2018-04-03,761
2018-04-04,760
2018-04-05,759
2018-04-06,758
2018-04-07,757
2018-04-08,756
2018-04-09,755
2018-04-10,754
2018-04-11,753
2018-04-12,752
2018-04-13,751
2018-04-14,750
2018-04-15,749
2018-04-16,748
2018-04-17,747
2018-04-18,746
2018-04-19,745
2018-04-20,744
2018-04-21,743
2018-04-22,742
2018-04-23,741
2018-04-24,740
2018-04-25,739
2018-04-26,738
2018-04-27,737
2018-04-28,736
2018-04-29,735
2018-04-30,734
2018-05-01,733
2018-05-02,732
2018-05-03,731
2018-05-04,730
2018-05-05,729
2018-05-06,728
2018-05-07,727
2018-05-08,726
2018-05-09,725
2018-05-10,724
2018-05-11,723
2018-05-12,722
2018-05-13,721
2018-05-14,720
2018-05-15,719
2018-05-16,718
2018-05-17,717
2018-05-18,716
2018-05-19,715
2018-05-20,714
2018-05-21,713
2018-05-22,712
2018-05-23,711
2018-05-24,710
2018-05-25,709
2018-05-26,708
2018-05-27,707
2018-05-28,706
2018-05-29,705
2018-05-30,704
2018-05-31,703
2018-06-01,702
2018-06-02,701
2018-06-03,700
2018-06-04,699
2018-06-05,698
2018-06-06,697
2018-06-07,696
2018-06-08,695
2018-06-09,694
2018-06-10,693
2018-06-11,692
2018-06-12,691
2018-06-13,690
2018-06-14,689
2018-06-15,688
2018-06-16,687
2018-06-17,686
2018-06-18,685
2018-06-19,684
2018-06-20,683
2018-06-21,682
2018-06-22,681
2018-06-23,680
2018-06-24,679
2018-06-25,678
2018-06-26,677
2018-06-27,676
2018-06-28,675
2018-06-29,674
2018-06-30,673
2018-07-01,672
2018-07-02,671
2018-07-03,670
2018-07-04,669
2018-07-05,668
2018-07-06,667
2018-07-07,666
2018-07-08,665
2018-07-09,664
2018-07-10,663
2018-07-11,662
2018-07-12,661
2018-07-13,660
2018-07-14,659
2018-07-15,658
2018-07-16,657
2018-07-17,656
2018-07-18,655
2018-07-19,654
2018-07-20,653
2018-07-21,652
2018-07-22,651
2018-07-23,650
2018-07-24,649
2018-07-25,648
2018-07-26,647
2018-07-27,646
2018-07-28,645
2018-07-29,644
2018-07-30,643
2018-07-31,642
2018-08-01,641
2018-08-02,640
2018-08-03,639
2018-08-04,638
2018-08-05,637
2018-08-06,636
2018-08-07,635
2018-08-08,634
2018-08-09,633
2018-08-10,632
2018-08-11,631
2018-08-12,630
2018-08-13,629
2018-08-14,628
2018-08-15,627
2018-08-16,626
2018-08-17,625
2018-08-18,624
2018-08-19,623
2018-08-20,622
2018-08-21,621
2018-08-22,620
2018-08-23,619
2018-08-24,618
2018-08-25,617
2018-08-26,616
2018-08-27,615
2018-08-28,614
2018-08-29,613
2018-08-30,612
2018-08-31,611
2018-09-01,610
2018-09-02,609
2018-09-03,608
2018-09-04,607
2018-09-05,606
2018-09-06,605
2018-09-07,604
2018-09-08,603
2018-09-09,602
2018-09-10,601
2018-09-11,600
2018-09-12,599
2018-09-13,598
2018-09-14,597
2018-09-15,596
2018-09-16,595
2018-09-17,594
2018-09-18,593
2018-09-19,592
2018-09-20,591
2018-09-21,590
2018-09-22,589
2018-09-23,588
2018-09-24,587
2018-09-25,586
2018-09-26,585
2018-09-27,584
2018-09-28,583
2018-09-29,582
2018-09-30,581
2018-10-01,580
2018-10-02,579
2018-10-03,578
2018-10-04,577
2018-10-05,576
2018-10-06,575
2018-10-07,574
2018-10-08,573
2018-10-09,572
2018-10-10,571
2018-10-11,570
2018-10-12,569
2018-10-13,568
2018-10-14,567
2018-10-15,566
2018-10-16,565
2018-10-17,564
2018-10-18,563
2018-10-19,562
2018-10-20,561
2018-10-21,560
2018-10-22,559
2018-10-23,558
2018-10-24,557
2018-10-25,556
2018-10-26,555
2018-10-27,554
2018-10-28,553
2018-10-29,552
2018-10-30,551
2018-10-31,550
2018-11-01,549
2018-11-02,548
2018-11-03,547
2018-11-04,546
2018-11-05,545
2018-11-06,544
2018-11-07,543
2018-11-08,542
2018-11-09,541
2018-11-10,540
2018-11-11,539
2018-11-12,538
2018-11-13,537
2018-11-14,536
2018-11-15,535
2018-11-16,534
2018-11-17,533
2018-11-18,532
2018-11-19,531
2018-11-20,530
2018-11-21,529
2018-11-22,528
2018-11-23,527
2018-11-24,526
2018-11-25,525
2018-11-26,524
2018-11-27,523
2018-11-28,522
2018-11-29,521
2018-11-30,520
2018-12-01,519
2018-12-02,518
2018-12-03,517
2018-12-04,516
2018-12-05,515
2018-12-06,514
2018-12-07,513
2018-12-08,512
2018-12-09,511
2018-12-10,510
2018-12-11,509
2018-12-12,508
2018-12-13,507
2018-12-14,506
2018-12-15,505
2018-12-16,504
2018-12-17,503
2018-12-18,502
2018-12-19,501
2018-12-20,500
2018-12-21,499
2018-12-22,498
2018-12-23,497
2018-12-24,496
2018-12-25,495
2018-12-26,494
2018-12-27,493
2018-12-28,492
2018-12-29,491
2018-12-30,490
2018-12-31,489
2019-01-01,488
2019-01-02,487
2019-01-03,486
2019-01-04,485
2019-01-05,484
2019-01-06,483
2019-01-07,482
2019-01-08,481
2019-01-09,480
2019-01-10,479
2019-01-11,478
2019-01-12,477
2019-01-13,476
2019-01-14,475
2019-01-15,474
2019-01-16,473
2019-01-17,472
2019-01-18,471
2019-01-19,470
2019-01-20,469
2019-01-21,468
2019-01-22,467
2019-01-23,466
2019-01-24,465
2019-01-25,464
2019-01-26,463
2019-01-27,462
2019-01-28,461
2019-01-29,460
2019-01-30,459
2019-01-31,458
2019-02-01,457
2019-02-02,456
2019-02-03,455
2019-02-04,454
2019-02-05,453
2019-02-06,452
2019-02-07,451
2019-02-08,450
2019-02-09,449
2019-02-10,448
2019-02-11,447
2019-02-12,446
2019-02-13,445
2019-02-14,444
2019-02-15,443
2019-02-16,442
2019-02-17,441
2019-02-18,440
2019-02-19,439
2019-02-20,438
2019-02-21,437
2019-02-22,436
2019-02-23,435
2019-02-24,434
2019-02-25,433
2019-02-26,432
2019-02-27,431
2019-02-28,430
2019-03-01,429
2019-03-02,428
2019-03-03,427
2019-03-04,426
2019-03-05,425
2019-03-06,424
2019-03-07,423
2019-03-08,422
2019-03-09,421
2019-03-10,420
2019-03-11,419
2019-03-12,418
2019-03-13,417
2019-03-14,416
2019-03-15,415
2019-03-16,414
2019-03-17,413
2019-03-18,412
2019-03-19,411
2019-03-20,410
2019-03-21,409
2019-03-22,408
2019-03-23,407
2019-03-24,406
2019-03-25,405
2019-03-26,404
2019-03-27,403
2019-03-28,402
2019-03-29,401
2019-03-30,400
2019-03-31,399
2019-04-01,398
2019-04-02,397
2019-04-03,396
2019-04-04,395
2019-04-05,394
2019-04-06,393
2019-04-07,392
2019-04-08,391
2019-04-09,390
2019-04-10,389
2019-04-11,388
2019-04-12,387
2019-04-13,386
2019-04-14,385
2019-04-15,384
2019-04-16,383
2019-04-17,382
2019-04-18,381
2019-04-19,380
2019-04-20,379
2019-04-21,378
2019-04-22,377
2019-04-23,376
2019-04-24,375
2019-04-25,374
2019-04-26,373
2019-04-27,372
2019-04-28,371
2019-04-29,370
2019-04-30,369
2019-05-01,368
2019-05-02,367
2019-05-03,366
2019-05-04,365
2019-05-05,364
2019-05-06,363
2019-05-07,362
2019-05-08,361
2019-05-09,360
2019-05-10,359
2019-05-11,358
2019-05-12,357
2019-05-13,356
2019-05-14,355
2019-05-15,354
2019-05-16,353
2019-05-17,352
2019-05-18,351
2019-05-19,350
2019-05-20,349
2019-05-21,348
2019-05-22,347
2019-05-23,346
2019-05-24,345
2019-05-25,344
2019-05-26,343
2019-05-27,342
2019-05-28,341
2019-05-29,340
2019-05-30,339
2019-05-31,338
2019-06-01,337
2019-06-02,336
2019-06-03,335
2019-06-04,334
2019-06-05,333
2019-06-06,332
2019-06-07,331
2019-06-08,330
2019-06-09,329
2019-06-10,328
2019-06-11,327
2019-06-12,326
2019-06-13,325
2019-06-14,324
2019-06-15,323
2019-06-16,322
2019-06-17,321
2019-06-18,320
2019-06-19,319
2019-06-20,318
2019-06-21,317
2019-06-22,316
2019-06-23,315
2019-06-24,314
2019-06-25,313
2019-06-26,312
2019-06-27,311
2019-06-28,310
2019-06-29,309
2019-06-30,308
2019-07-01,307
2019-07-02,306
2019-07-03,305
2019-07-04,304
2019-07-05,303
2019-07-06,302
2019-07-07,301
2019-07-08,300
2019-07-09,299
2019-07-10,298
2019-07-11,297
2019-07-12,296
2019-07-13,295
2019-07-14,294
2019-07-15,293
2019-07-16,292
2019-07-17,291
2019-07-18,290
2019-07-19,289
2019-07-20,288
2019-07-21,287
2019-07-22,286
2019-07-23,285
2019-07-24,284
2019-07-25,283
2019-07-26,282
2019-07-27,281
2019-07-28,280
2019-07-29,279
2019-07-30,278
2019-07-31,277
2019-08-01,276
2019-08-02,275
2019-08-03,274
2019-08-04,273
2019-08-05,272
2019-08-06,271
2019-08-07,270
2019-08-08,269
2019-08-09,268
2019-08-10,267
2019-08-11,266
2019-08-12,265
2019-08-13,264
2019-08-14,263
2019-08-15,262
2019-08-16,261
2019-08-17,260
2019-08-18,259
2019-08-19,258
2019-08-20,257
2019-08-21,256
2019-08-22,255
2019-08-23,254
2019-08-24,253
2019-08-25,252
2019-08-26,251
2019-08-27,250
2019-08-28,249
2019-08-29,248
2019-08-30,247
2019-08-31,246
2019-09-01,245
2019-09-02,244
2019-09-03,243
2019-09-04,242
2019-09-05,241
2019-09-06,240
2019-09-07,239
2019-09-08,238
2019-09-09,237
2019-09-10,236
2019-09-11,235
2019-09-12,234
2019-09-13,233
2019-09-14,232
2019-09-15,231
2019-09-16,230
2019-09-17,229
2019-09-18,228
2019-09-19,227
2019-09-20,226
2019-09-21,225
2019-09-22,224
2019-09-23,223
2019-09-24,222
2019-09-25,221
2019-09-26,220
2019-09-27,219
2019-09-28,218
2019-09-29,217
2019-09-30,216
2019-10-01,215
2019-10-02,214
2019-10-03,213
2019-10-04,212
2019-10-05,211
2019-10-06,210
2019-10-07,209
2019-10-08,208
2019-10-09,207
2019-10-10,206
2019-10-11,205
2019-10-12,204
2019-10-13,203
2019-10-14,202
2019-10-15,201
2019-10-16,200
2019-10-17,199
2019-10-18,198
2019-10-19,197
2019-10-20,196
2019-10-21,195
2019-10-22,194
2019-10-23,193
2019-10-24,192
2019-10-25,191
2019-10-26,190
2019-10-27,189
2019-10-28,188
2019-10-29,187
2019-10-30,186
2019-10-31,185
2019-11-01,184
2019-11-02,183
2019-11-03,182
2019-11-04,181
2019-11-05,180
2019-11-06,179
2019-11-07,178
2019-11-08,177
2019-11-09,176
2019-11-10,175
2019-11-11,174
2019-11-12,173
2019-11-13,172
2019-11-14,171
2019-11-15,170
2019-11-16,169
2019-11-17,168
2019-11-18,167
2019-11-19,166
2019-11-20,165
2019-11-21,164
2019-11-22,163
2019-11-23,162
2019-11-24,161
2019-11-25,160
2019-11-26,159
2019-11-27,158
2019-11-28,157
2019-11-29,156
2019-11-30,155
2019-12-01,154
2019-12-02,153
2019-12-03,152
2019-12-04,151
2019-12-05,150
2019-12-06,149
2019-12-07,148
2019-12-08,147
2019-12-09,146
2019-12-10,145
2019-12-11,144
2019-12-12,143
2019-12-13,142
2019-12-14,141
2019-12-15,140
2019-12-16,139
2019-12-17,138
2019-12-18,137
2019-12-19,136
2019-12-20,135
2019-12-21,134
2019-12-22,133
2019-12-23,132
2019-12-24,131
2019-12-25,130
2019-12-26,129
2019-12-27,128
2019-12-28,127
2019-12-29,126
2019-12-30,125
2019-12-31,124
2020-01-01,123
2020-01-02,122
2020-01-03,121
2020-01-04,120
2020-01-05,119
2020-01-06,118
2020-01-07,117
2020-01-08,116
2020-01-09,115
2020-01-10,114
2020-01-11,113
2020-01-12,112
2020-01-13,111
2020-01-14,110
2020-01-15,109
2020-01-16,108
2020-01-17,107
2020-01-18,106
2020-01-19,105
2020-01-20,104
2020-01-21,103
2020-01-22,102
2020-01-23,101
2020-01-24,100
2020-01-25,99
2020-01-26,98
2020-01-27,97
2020-01-28,96
2020-01-29,95
2020-01-30,94
2020-01-31,93
2020-02-01,92
2020-02-02,91
2020-02-03,90
2020-02-04,89
2020-02-05,88
2020-02-06,87
2020-02-07,86
2020-02-08,85
2020-02-09,84
2020-02-10,83
2020-02-11,82
2020-02-12,81
2020-02-13,80
2020-02-14,79
2020-02-15,78
2020-02-16,77
2020-02-17,76
2020-02-18,75
2020-02-19,74
2020-02-20,73
2020-02-21,72
2020-02-22,71
2020-02-23,70
2020-02-24,69
2020-02-25,68
2020-02-26,67
2020-02-27,66
2020-02-28,65
2020-02-29,64
2020-03-01,63
2020-03-02,62
2020-03-03,61
2020-03-04,60
2020-03-05,59
2020-03-06,58
2020-03-07,57
2020-03-08,56
2020-03-09,55
2020-03-10,54
2020-03-11,53
2020-03-12,52
2020-03-13,51
2020-03-14,50
2020-03-15,49
2020-03-16,48
2020-03-17,47
2020-03-18,46
2020-03-19,45
2020-03-20,44
2020-03-21,43
2020-03-22,42
2020-03-23,41
2020-03-24,40
2020-03-25,39
2020-03-26,38
2020-03-27,37
2020-03-28,36
2020-03-29,35
2020-03-30,34
2020-03-31,33
2020-04-01,32
2020-04-02,31
2020-04-03,30
2020-04-04,29
2020-04-05,28
2020-04-06,27
2020-04-07,26
2020-04-08,25
2020-04-09,24
2020-04-10,23
2020-04-11,22
2020-04-12,21
2020-04-13,20
2020-04-14,19
2020-04-15,18
2020-04-16,17
2020-04-17,16
2020-04-18,15
2020-04-19,14
2020-04-20,13
2020-04-21,12
2020-04-22,11
2020-04-23,10
2020-04-24,9
2020-04-25,8
2020-04-26,7
2020-04-27,6
2020-04-28,5
2020-04-29,4
2020-04-30,3
2020-05-01,2
2020-05-02,1
2020-05-03,0
2020-05-04,1447
2020-05-05,1446
2020-05-06,1445
2020-05-07,1444
2020-05-08,1443
2020-05-09,1442
2020-05-10,1441
2020-05-11,1440
2020-05-12,1439
2020-05-13,1438
2020-05-14,1437
2020-05-15,1436
2020-05-16,1435
2020-05-17,1434
2020-05-18,1433
2020-05-19,1432
2020-05-20,1431
2020-05-21,1430
2020-05-22,1429
2020-05-23,1428
2020-05-24,1427
2020-05-25,1426
2020-05-26,1425
2020-05-27,1424
2020-05-28,1423
2020-05-29,1422
2020-05-30,1421
2020-05-31,1420
2020-06-01,1419
2020-06-02,1418
2020-06-03,1417
2020-06-04,1416
2020-06-05,1415
2020-06-06,1414
2020-06-07,1413
2020-06-08,1412
2020-06-09,1411
2020-06-10,1410
2020-06-11,1409
2020-06-12,1408
2020-06-13,1407
2020-06-14,1406
2020-06-15,1405
2020-06-16,1404
2020-06-17,1403
2020-06-18,1402
2020-06-19,1401
2020-06-20,1400
2020-06-21,1399
2020-06-22,1398
2020-06-23,1397
2020-06-24,1396
2020-06-25,1395
2020-06-26,1394
2020-06-27,1393
2020-06-28,1392
2020-06-29,1391
2020-06-30,1390
2020-07-01,1389
2020-07-02,1388
2020-07-03,1387
2020-07-04,1386
2020-07-05,1385
2020-07-06,1384
2020-07-07,1383
2020-07-08,1382
2020-07-09,1381
2020-07-10,1380
2020-07-11,1379
2020-07-12,1378
2020-07-13,1377
2020-07-14,1376
2020-07-15,1375
2020-07-16,1374
2020-07-17,1373
2020-07-18,1372
2020-07-19,1371
2020-07-20,1370
2020-07-21,1369
2020-07-22,1368
2020-07-23,1367
2020-07-24,1366
2020-07-25,1365
2020-07-26,1364
2020-07-27,1363
2020-07-28,1362
2020-07-29,1361
2020-07-30,1360
2020-07-31,1359
2020-08-01,1358
2020-08-02,1357
2020-08-03,1356
2020-08-04,1355
2020-08-05,1354
2020-08-06,1353
2020-08-07,1352
2020-08-08,1351
2020-08-09,1350
2020-08-10,1349
2020-08-11,1348
2020-08-12,1347
2020-08-13,1346
2020-08-14,1345
2020-08-15,1344
2020-08-16,1343
2020-08-17,1342
2020-08-18,1341
2020-08-19,1340
2020-08-20,1339
2020-08-21,1338
2020-08-22,1337
2020-08-23,1336
2020-08-24,1335
2020-08-25,1334
2020-08-26,1333
2020-08-27,1332
2020-08-28,1331
2020-08-29,1330
2020-08-30,1329
2020-08-31,1328
2020-09-01,1327
2020-09-02,1326
2020-09-03,1325
2020-09-04,1324
2020-09-05,1323
2020-09-06,1322
2020-09-07,1321
2020-09-08,1320
2020-09-09,1319
2020-09-10,1318
2020-09-11,1317
2020-09-12,1316
2020-09-13,1315
2020-09-14,1314
2020-09-15,1313
2020-09-16,1312
2020-09-17,1311
2020-09-18,1310
2020-09-19,1309
2020-09-20,1308
2020-09-21,1307
2020-09-22,1306
2020-09-23,1305
2020-09-24,1304
2020-09-25,1303
2020-09-26,1302
2020-09-27,1301
2020-09-28,1300
2020-09-29,1299
2020-09-30,1298
2020-10-01,1297
2020-10-02,1296
2020-10-03,1295
2020-10-04,1294
2020-10-05,1293
2020-10-06,1292
2020-10-07,1291
2020-10-08,1290
2020-10-09,1289
2020-10-10,1288
2020-10-11,1287
2020-10-12,1286
2020-10-13,1285
2020-10-14,1284
2020-10-15,1283
2020-10-16,1282
2020-10-17,1281
2020-10-18,1280
2020-10-19,1279
2020-10-20,1278
2020-10-21,1277
2020-10-22,1276
2020-10-23,1275
2020-10-24,1274
2020-10-25,1273
2020-10-26,1272
2020-10-27,1271
2020-10-28,1270
2020-10-29,1269
2020-10-30,1268
2020-10-31,1267
2020-11-01,1266
2020-11-02,1265
2020-11-03,1264
2020-11-04,1263
2020-11-05,1262
2020-11-06,1261
2020-11-07,1260
2020-11-08,1259
2020-11-09,1258
2020-11-10,1257
2020-11-11,1256
2020-11-12,1255
2020-11-13,1254
2020-11-14,1253
2020-11-15,1252
2020-11-16,1251
2020-11-17,1250
2020-11-18,1249
2020-11-19,1248
2020-11-20,1247
2020-11-21,1246
2020-11-22,1245
2020-11-23,1244
2020-11-24,1243
2020-11-25,1242
2020-11-26,1241
2020-11-27,1240
2020-11-28,1239
2020-11-29,1238
2020-11-30,1237
2020-12-01,1236
2020-12-02,1235
2020-12-03,1234
2020-12-04,1233
2020-12-05,1232
2020-12-06,1231
2020-12-07,1230
2020-12-08,1229
2020-12-09,1228
2020-12-10,1227
2020-12-11,1226
2020-12-12,1225
2020-12-13,1224
2020-12-14,1223
2020-12-15,1222
2020-12-16,1221
2020-12-17,1220
2020-12-18,1219
2020-12-19,1218
2020-12-20,1217
2020-12-21,1216
2020-12-22,1215
2020-12-23,1214
2020-12-24,1213
2020-12-25,1212
2020-12-26,1211
2020-12-27,1210
2020-12-28,1209
2020-12-29,1208
2020-12-30,1207
2020-12-31,1206
2021-01-01,1205
2021-01-02,1204
2021-01-03,1203
2021-01-04,1202
2021-01-05,1201
2021-01-06,1200
2021-01-07,1199
2021-01-08,1198
2021-01-09,1197
2021-01-10,1196
2021-01-11,1195
2021-01-12,1194
2021-01-13,1193
2021-01-14,1192
2021-01-15,1191
2021-01-16,1190
2021-01-17,1189
2021-01-18,1188
2021-01-19,1187
2021-01-20,1186
2021-01-21,1185
2021-01-22,1184
2021-01-23,1183
2021-01-24,1182
2021-01-25,1181
2021-01-26,1180
2021-01-27,1179
2021-01-28,1178
2021-01-29,1177
2021-01-30,1176
2021-01-31,1175
2021-02-01,1174
2021-02-02,1173
2021-02-03,1172
2021-02-04,1171
2021-02-05,1170
2021-02-06,1169
2021-02-07,1168
2021-02-08,1167
2021-02-09,1166
2021-02-10,1165
2021-02-11,1164
2021-02-12,1163
2021-02-13,1162
2021-02-14,1161
2021-02-15,1160
2021-02-16,1159
2021-02-17,1158
2021-02-18,1157
2021-02-19,1156
2021-02-20,1155
2021-02-21,1154
2021-02-22,1153
2021-02-23,1152
2021-02-24,1151
2021-02-25,1150
2021-02-26,1149
2021-02-27,1148
2021-02-28,1147
2021-03-01,1146
2021-03-02,1145
2021-03-03,1144
2021-03-04,1143
2021-03-05,1142
2021-03-06,1141
2021-03-07,1140
2021-03-08,1139
2021-03-09,1138
2021-03-10,1137
2021-03-11,1136
2021-03-12,1135
2021-03-13,1134
2021-03-14,1133
2021-03-15,1132
2021-03-16,1131
2021-03-17,1130
2021-03-18,1129
2021-03-19,1128
2021-03-20,1127
2021-03-21,1126
2021-03-22,1125
2021-03-23,1124
2021-03-24,1123
2021-03-25,1122
2021-03-26,1121
2021-03-27,1120
2021-03-28,1119
2021-03-29,1118
2021-03-30,1117
2021-03-31,1116
2021-04-01,1115
2021-04-02,1114
2021-04-03,1113
2021-04-04,1112
2021-04-05,1111
2021-04-06,1110
2021-04-07,1109
2021-04-08,1108
2021-04-09,1107
2021-04-10,1106
2021-04-11,1105
2021-04-12,1104
2021-04-13,1103
2021-04-14,1102
2021-04-15,1101
2021-04-16,1100
2021-04-17,1099
2021-04-18,1098
2021-04-19,1097
2021-04-20,1096
2021-04-21,1095
2021-04-22,1094
2021-04-23,1093
2021-04-24,1092
2021-04-25,1091
2021-04-26,1090
2021-04-27,1089
2021-04-28,1088
2021-04-29,1087
2021-04-30,1086
2021-05-01,1085
2021-05-02,1084
2021-05-03,1083
2021-05-04,1082
2021-05-05,1081
2021-05-06,1080
2021-05-07,1079
2021-05-08,1078
2021-05-09,1077
2021-05-10,1076
2021-05-11,1075
2021-05-12,1074
2021-05-13,1073
2021-05-14,1072
2021-05-15,1071
2021-05-16,1070
2021-05-17,1069
2021-05-18,1068
2021-05-19,1067
2021-05-20,1066
2021-05-21,1065
2021-05-22,1064
2021-05-23,1063
2021-05-24,1062
2021-05-25,1061
2021-05-26,1060
2021-05-27,1059
2021-05-28,1058
2021-05-29,1057
2021-05-30,1056
2021-05-31,1055
2021-06-01,1054
2021-06-02,1053
2021-06-03,1052
2021-06-04,1051
2021-06-05,1050
2021-06-06,1049
2021-06-07,1048
2021-06-08,1047
2021-06-09,1046
2021-06-10,1045
2021-06-11,1044
2021-06-12,1043
2021-06-13,1042
2021-06-14,1041
2021-06-15,1040
2021-06-16,1039
2021-06-17,1038
2021-06-18,1037
2021-06-19,1036
2021-06-20,1035
2021-06-21,1034
2021-06-22,1033
2021-06-23,1032
2021-06-24,1031
2021-06-25,1030
2021-06-26,1029
2021-06-27,1028
2021-06-28,1027
2021-06-29,1026
2021-06-30,1025
2021-07-01,1024
2021-07-02,1023
2021-07-03,1022
2021-07-04,1021
2021-07-05,1020
2021-07-06,1019
2021-07-07,1018
2021-07-08,1017
2021-07-09,1016
2021-07-10,1015
2021-07-11,1014
2021-07-12,1013
2021-07-13,1012
2021-07-14,1011
2021-07-15,1010
2021-07-16,1009
2021-07-17,1008
2021-07-18,1007
2021-07-19,1006
2021-07-20,1005
2021-07-21,1004
2021-07-22,1003
2021-07-23,1002
2021-07-24,1001
2021-07-25,1000
2021-07-26,999
2021-07-27,998
2021-07-28,997
2021-07-29,996
2021-07-30,995
2021-07-31,994
2021-08-01,993
2021-08-02,992
2021-08-03,991
2021-08-04,990
2021-08-05,989
2021-08-06,988
2021-08-07,987
2021-08-08,986
2021-08-09,985
2021-08-10,984
2021-08-11,983
2021-08-12,982
2021-08-13,981
2021-08-14,980
2021-08-15,979
2021-08-16,978
2021-08-17,977
2021-08-18,976
2021-08-19,975
2021-08-20,974
2021-08-21,973
2021-08-22,972
2021-08-23,971
2021-08-24,970
2021-08-25,969
2021-08-26,968
2021-08-27,967
2021-08-28,966
2021-08-29,965
2021-08-30,964
2021-08-31,963
2021-09-01,962
2021-09-02,961
2021-09-03,960
2021-09-04,959
2021-09-05,958
2021-09-06,957
2021-09-07,956
2021-09-08,955
2021-09-09,954
2021-09-10,953
2021-09-11,952
2021-09-12,951
2021-09-13,950
2021-09-14,949
2021-09-15,948
2021-09-16,947
2021-09-17,946
2021-09-18,945
2021-09-19,944
2021-09-20,943
2021-09-21,942
2021-09-22,941
2021-09-23,940
2021-09-24,939
2021-09-25,938
2021-09-26,937
2021-09-27,936
2021-09-28,935
2021-09-29,934
2021-09-30,933
2021-10-01,932
2021-10-02,931
2021-10-03,930
2021-10-04,929
2021-10-05,928
2021-10-06,927
2021-10-07,926
2021-10-08,925
2021-10-09,924
2021-10-10,923
2021-10-11,922
2021-10-12,921
2021-10-13,920
2021-10-14,919
2021-10-15,918
2021-10-16,917
2021-10-17,916
2021-10-18,915
2021-10-19,914
2021-10-20,913
2021-10-21,912
2021-10-22,911
2021-10-23,910
2021-10-24,909
2021-10-25,908
2021-10-26,907
2021-10-27,906
2021-10-28,905
2021-10-29,904
2021-10-30,903
2021-10-31,902
2021-11-01,901
2021-11-02,900
2021-11-03,899
2021-11-04,898
2021-11-05,897
2021-11-06,896
2021-11-07,895
2021-11-08,894
2021-11-09,893
2021-11-10,892
2021-11-11,891
2021-11-12,890
2021-11-13,889
2021-11-14,888
2021-11-15,887
2021-11-16,886
2021-11-17,885
2021-11-18,884
2021-11-19,883
2021-11-20,882
2021-11-21,881
2021-11-22,880
2021-11-23,879
2021-11-24,878
2021-11-25,877
2021-11-26,876
2021-11-27,875
2021-11-28,874
2021-11-29,873
2021-11-30,872
2021-12-01,871
2021-12-02,870
2021-12-03,869
2021-12-04,868
2021-12-05,867
2021-12-06,866
2021-12-07,865
2021-12-08,864
2021-12-09,863
2021-12-10,862
2021-12-11,861
2021-12-12,860
2021-12-13,859
2021-12-14,858
2021-12-15,857
2021-12-16,856
2021-12-17,855
2021-12-18,854
2021-12-19,853
2021-12-20,852
2021-12-21,851
2021-12-22,850
2021-12-23,849
2021-12-24,848
2021-12-25,847
2021-12-26,846
2021-12-27,845
2021-12-28,844
2021-12-29,843
2021-12-30,842
2021-12-31,841
2022-01-01,840
2022-01-02,839
2022-01-03,838
2022-01-04,837
2022-01-05,836
2022-01-06,835
2022-01-07,834
2022-01-08,833
2022-01-09,832
2022-01-10,831
2022-01-11,830
2022-01-12,829
2022-01-13,828
2022-01-14,827
2022-01-15,826
2022-01-16,825
2022-01-17,824
2022-01-18,823
2022-01-19,822
2022-01-20,821
2022-01-21,820
2022-01-22,819
2022-01-23,818
2022-01-24,817
2022-01-25,816
2022-01-26,815
2022-01-27,814
2022-01-28,813
2022-01-29,812
2022-01-30,811
2022-01-31,810
2022-02-01,809
2022-02-02,808
2022-02-03,807
2022-02-04,806
2022-02-05,805
2022-02-06,804
2022-02-07,803
2022-02-08,802
2022-02-09,801
2022-02-10,800
2022-02-11,799
2022-02-12,798
2022-02-13,797
2022-02-14,796
2022-02-15,795
2022-02-16,794
2022-02-17,793
2022-02-18,792
2022-02-19,791
2022-02-20,790
2022-02-21,789
2022-02-22,788
2022-02-23,787
2022-02-24,786
2022-02-25,785
2022-02-26,784
2022-02-27,783
2022-02-28,782
2022-03-01,781
2022-03-02,780
2022-03-03,779
2022-03-04,778
2022-03-05,777
2022-03-06,776
2022-03-07,775
2022-03-08,774
2022-03-09,773
2022-03-10,772
2022-03-11,771
2022-03-12,770
2022-03-13,769
2022-03-14,768
2022-03-15,767
2022-03-16,766
2022-03-17,765
2022-03-18,764
2022-03-19,763
2022-03-20,762
2022-03-21,761
2022-03-22,760
2022-03-23,759
2022-03-24,758
2022-03-25,757
2022-03-26,756
2022-03-27,755
2022-03-28,754
2022-03-29,753
2022-03-30,752
2022-03-31,751
2022-04-01,750
2022-04-02,749
2022-04-03,748
2022-04-04,747
2022-04-05,746
2022-04-06,745
2022-04-07,744
2022-04-08,743
2022-04-09,742
2022-04-10,741
2022-04-11,740
2022-04-12,739
2022-04-13,738
2022-04-14,737
2022-04-15,736
2022-04-16,735
2022-04-17,734
2022-04-18,733
2022-04-19,732
2022-04-20,731
2022-04-21,730
2022-04-22,729
2022-04-23,728
2022-04-24,727
2022-04-25,726
2022-04-26,725
2022-04-27,724
2022-04-28,723
2022-04-29,722
2022-04-30,721
2022-05-01,720
2022-05-02,719
2022-05-03,718
2022-05-04,717
2022-05-05,716
2022-05-06,715
2022-05-07,714
2022-05-08,713
2022-05-09,712
2022-05-10,711
2022-05-11,710
2022-05-12,709
2022-05-13,708
2022-05-14,707
2022-05-15,706
2022-05-16,705
2022-05-17,704
2022-05-18,703
2022-05-19,702
2022-05-20,701
2022-05-21,700
2022-05-22,699
2022-05-23,698
2022-05-24,697
2022-05-25,696
2022-05-26,695
2022-05-27,694
2022-05-28,693
2022-05-29,692
2022-05-30,691
2022-05-31,690
2022-06-01,689
2022-06-02,688
2022-06-03,687
2022-06-04,686
2022-06-05,685
2022-06-06,684
2022-06-07,683
2022-06-08,682
2022-06-09,681
2022-06-10,680
2022-06-11,679
2022-06-12,678
2022-06-13,677
2022-06-14,676
2022-06-15,675
2022-06-16,674
2022-06-17,673
2022-06-18,672
2022-06-19,671
2022-06-20,670
2022-06-21,669
2022-06-22,668
2022-06-23,667
2022-06-24,666
2022-06-25,665
2022-06-26,664
2022-06-27,663
2022-06-28,662
2022-06-29,661
2022-06-30,660
2022-07-01,659
2022-07-02,658
2022-07-03,657
2022-07-04,656
2022-07-05,655
2022-07-06,654
2022-07-07,653
2022-07-08,652
2022-07-09,651
2022-07-10,650
2022-07-11,649
2022-07-12,648
2022-07-13,647
2022-07-14,646
2022-07-15,645
2022-07-16,644
2022-07-17,643
2022-07-18,642
2022-07-19,641
2022-07-20,640
2022-07-21,639
2022-07-22,638
2022-07-23,637
2022-07-24,636
2022-07-25,635
2022-07-26,634
2022-07-27,633
2022-07-28,632
2022-07-29,631
2022-07-30,630
2022-07-31,629
2022-08-01,628
2022-08-02,627
2022-08-03,626
2022-08-04,625
2022-08-05,624
2022-08-06,623
2022-08-07,622
2022-08-08,621
2022-08-09,620
2022-08-10,619
2022-08-11,618
2022-08-12,617
2022-08-13,616
2022-08-14,615
2022-08-15,614
2022-08-16,613
2022-08-17,612
2022-08-18,611
2022-08-19,610
2022-08-20,609
2022-08-21,608
2022-08-22,607
2022-08-23,606
2022-08-24,605
2022-08-25,604
2022-08-26,603
2022-08-27,602
2022-08-28,601
2022-08-29,600
2022-08-30,599
2022-08-31,598
2022-09-01,597
2022-09-02,596
2022-09-03,595
2022-09-04,594
2022-09-05,593
2022-09-06,592
2022-09-07,591
2022-09-08,590
2022-09-09,589
2022-09-10,588
2022-09-11,587
2022-09-12,586
2022-09-13,585
2022-09-14,584
2022-09-15,583
2022-09-16,582
2022-09-17,581
2022-09-18,580
2022-09-19,579
2022-09-20,578
2022-09-21,577
2022-09-22,576
2022-09-23,575
2022-09-24,574
2022-09-25,573
2022-09-26,572
2022-09-27,571
2022-09-28,570
2022-09-29,569
2022-09-30,568
2022-10-01,567
2022-10-02,566
2022-10-03,565
2022-10-04,564
2022-10-05,563
2022-10-06,562
2022-10-07,561
2022-10-08,560
2022-10-09,559
2022-10-10,558
2022-10-11,557
2022-10-12,556
2022-10-13,555
2022-10-14,554
2022-10-15,553
2022-10-16,552
2022-10-17,551
2022-10-18,550
2022-10-19,549
2022-10-20,548
2022-10-21,547
2022-10-22,546
2022-10-23,545
2022-10-24,544
2022-10-25,543
2022-10-26,542
2022-10-27,541
2022-10-28,540
2022-10-29,539
2022-10-30,538
2022-10-31,537
2022-11-01,536
2022-11-02,535
2022-11-03,534
2022-11-04,533
2022-11-05,532
2022-11-06,531
2022-11-07,530
2022-11-08,529
2022-11-09,528
2022-11-10,527
2022-11-11,526
2022-11-12,525
2022-11-13,524
2022-11-14,523
2022-11-15,522
2022-11-16,521
2022-11-17,520
2022-11-18,519
2022-11-19,518
2022-11-20,517
2022-11-21,516
2022-11-22,515
2022-11-23,514
2022-11-24,513
2022-11-25,512
2022-11-26,511
2022-11-27,510
2022-11-28,509
2022-11-29,508
2022-11-30,507
2022-12-01,506
2022-12-02,505
2022-12-03,504
2022-12-04,503
2022-12-05,502
2022-12-06,501
2022-12-07,500
2022-12-08,499
2022-12-09,498
2022-12-10,497
2022-12-11,496
2022-12-12,495
2022-12-13,494
2022-12-14,493
2022-12-15,492
2022-12-16,491
2022-12-17,490
2022-12-18,489
2022-12-19,488
2022-12-20,487
2022-12-21,486
2022-12-22,485
2022-12-23,484
2022-12-24,483
2022-12-25,482
2022-12-26,481
2022-12-27,480
2022-12-28,479
2022-12-29,478
2022-12-30,477
2022-12-31,476
2023-01-01,475
2023-01-02,474
2023-01-03,473
2023-01-04,472
2023-01-05,471
2023-01-06,470
2023-01-07,469
2023-01-08,468
2023-01-09,467
2023-01-10,466
2023-01-11,465
2023-01-12,464
2023-01-13,463
2023-01-14,462
2023-01-15,461
2023-01-16,460
2023-01-17,459
2023-01-18,458
2023-01-19,457
2023-01-20,456
2023-01-21,455
2023-01-22,454
2023-01-23,453
2023-01-24,452
2023-01-25,451
2023-01-26,450
2023-01-27,449
2023-01-28,448
2023-01-29,447
2023-01-30,446
2023-01-31,445
2023-02-01,444
2023-02-02,443
2023-02-03,442
2023-02-04,441
2023-02-05,440
2023-02-06,439
2023-02-07,438
2023-02-08,437
2023-02-09,436
2023-02-10,435
2023-02-11,434
2023-02-12,433
2023-02-13,432
2023-02-14,431
2023-02-15,430
2023-02-16,429
2023-02-17,428
2023-02-18,427
2023-02-19,426
2023-02-20,425
2023-02-21,424
2023-02-22,423
2023-02-23,422
2023-02-24,421
2023-02-25,420
2023-02-26,419
2023-02-27,418
2023-02-28,417
2023-03-01,416
2023-03-02,415
2023-03-03,414
2023-03-04,413
2023-03-05,412
2023-03-06,411
2023-03-07,410
2023-03-08,409
2023-03-09,408
2023-03-10,407
2023-03-11,406
2023-03-12,405
2023-03-13,404
2023-03-14,403
2023-03-15,402
2023-03-16,401
2023-03-17,400
2023-03-18,399
2023-03-19,398
2023-03-20,397
2023-03-21,396
2023-03-22,395
2023-03-23,394
2023-03-24,393
2023-03-25,392
2023-03-26,391
2023-03-27,390
2023-03-28,389
2023-03-29,388
2023-03-30,387
2023-03-31,386
2023-04-01,385
2023-04-02,384
2023-04-03,383
2023-04-04,382
2023-04-05,381
2023-04-06,380
2023-04-07,379
2023-04-08,378
2023-04-09,377
2023-04-10,376
2023-04-11,375
2023-04-12,374
2023-04-13,373
2023-04-14,372
2023-04-15,371
2023-04-16,370
2023-04-17,369
2023-04-18,368
2023-04-19,367
2023-04-20,366
2023-04-21,365
2023-04-22,364
2023-04-23,363
2023-04-24,362
2023-04-25,361
2023-04-26,360
2023-04-27,359
2023-04-28,358
2023-04-29,357
2023-04-30,356
2023-05-01,355
2023-05-02,354
2023-05-03,353
2023-05-04,352
2023-05-05,351
2023-05-06,350
2023-05-07,349
2023-05-08,348
2023-05-09,347
2023-05-10,346
2023-05-11,345
2023-05-12,344
2023-05-13,343
2023-05-14,342
2023-05-15,341
2023-05-16,340
2023-05-17,339
2023-05-18,338
2023-05-19,337
2023-05-20,336
2023-05-21,335
2023-05-22,334
2023-05-23,333
2023-05-24,332
2023-05-25,331
2023-05-26,330
2023-05-27,329
2023-05-28,328
2023-05-29,327
2023-05-30,326
2023-05-31,325
2023-06-01,324
2023-06-02,323
2023-06-03,322
2023-06-04,321
2023-06-05,320
2023-06-06,319
2023-06-07,318
2023-06-08,317
2023-06-09,316
2023-06-10,315
2023-06-11,314
2023-06-12,313
2023-06-13,312
2023-06-14,311
2023-06-15,310
2023-06-16,309
2023-06-17,308
2023-06-18,307
2023-06-19,306
2023-06-20,305
2023-06-21,304
2023-06-22,303
2023-06-23,302
2023-06-24,301
2023-06-25,300
2023-06-26,299
2023-06-27,298
2023-06-28,297
2023-06-29,296
2023-06-30,295
2023-07-01,294
2023-07-02,293
2023-07-03,292
2023-07-04,291
2023-07-05,290
2023-07-06,289
2023-07-07,288
2023-07-08,287
2023-07-09,286
2023-07-10,285
2023-07-11,284
2023-07-12,283
2023-07-13,282
2023-07-14,281
2023-07-15,280
2023-07-16,279
2023-07-17,278
2023-07-18,277
2023-07-19,276
2023-07-20,275
2023-07-21,274
2023-07-22,273
2023-07-23,272
2023-07-24,271
2023-07-25,270
2023-07-26,269
2023-07-27,268
2023-07-28,267
2023-07-29,266
2023-07-30,265
2023-07-31,264
2023-08-01,263
2023-08-02,262
2023-08-03,261
2023-08-04,260
2023-08-05,259
2023-08-06,258
2023-08-07,257
2023-08-08,256
2023-08-09,255
2023-08-10,254
2023-08-11,253
2023-08-12,252
2023-08-13,251
2023-08-14,250
2023-08-15,249
2023-08-16,248
2023-08-17,247
2023-08-18,246
2023-08-19,245
2023-08-20,244
2023-08-21,243
2023-08-22,242
2023-08-23,241
2023-08-24,240
2023-08-25,239
2023-08-26,238
2023-08-27,237
2023-08-28,236
2023-08-29,235
2023-08-30,234
2023-08-31,233
2023-09-01,232
2023-09-02,231
2023-09-03,230
2023-09-04,229
2023-09-05,228
2023-09-06,227
2023-09-07,226
2023-09-08,225
2023-09-09,224
2023-09-10,223
2023-09-11,222
2023-09-12,221
2023-09-13,220
2023-09-14,219
2023-09-15,218
2023-09-16,217
2023-09-17,216
2023-09-18,215
2023-09-19,214
2023-09-20,213
2023-09-21,212
2023-09-22,211
2023-09-23,210
2023-09-24,209
2023-09-25,208
2023-09-26,207
2023-09-27,206
2023-09-28,205
2023-09-29,204
2023-09-30,203
2023-10-01,202
2023-10-02,201
2023-10-03,200
2023-10-04,199
2023-10-05,198
2023-10-06,197
2023-10-07,196
2023-10-08,195
2023-10-09,194
2023-10-10,193
2023-10-11,192
2023-10-12,191
2023-10-13,190
2023-10-14,189
2023-10-15,188
2023-10-16,187
2023-10-17,186
2023-10-18,185
2023-10-19,184
2023-10-20,183
2023-10-21,182
2023-10-22,181
2023-10-23,180
2023-10-24,179
2023-10-25,178
2023-10-26,177
2023-10-27,176
2023-10-28,175
2023-10-29,174
2023-10-30,173
2023-10-31,172
2023-11-01,171
2023-11-02,170
2023-11-03,169
2023-11-04,168
2023-11-05,167
2023-11-06,166
2023-11-07,165
2023-11-08,164
2023-11-09,163
2023-11-10,162
2023-11-11,161
2023-11-12,160
2023-11-13,159
2023-11-14,158
2023-11-15,157
2023-11-16,156
2023-11-17,155
2023-11-18,154
2023-11-19,153
2023-11-20,152
2023-11-21,151
2023-11-22,150
2023-11-23,149
2023-11-24,148
2023-11-25,147
2023-11-26,146
2023-11-27,145
2023-11-28,144
2023-11-29,143
2023-11-30,142
2023-12-01,141
2023-12-02,140
2023-12-03,139
2023-12-04,138
2023-12-05,137
2023-12-06,136
2023-12-07,135
2023-12-08,134
2023-12-09,133
2023-12-10,132
2023-12-11,131
2023-12-12,130
2023-12-13,129
2023-12-14,128
2023-12-15,127
2023-12-16,126
2023-12-17,125
2023-12-18,124
2023-12-19,123
2023-12-20,122
2023-12-21,121
2023-12-22,120
2023-12-23,119
2023-12-24,118
2023-12-25,117
2023-12-26,116
2023-12-27,115
2023-12-28,114
2023-12-29,113
2023-12-30,112
2023-12-31,111
2024-01-01,110
2024-01-02,109
2024-01-03,108
2024-01-04,107
2024-01-05,106
2024-01-06,105
2024-01-07,104
2024-01-08,103
2024-01-09,102
2024-01-10,101
2024-01-11,100
2024-01-12,99
2024-01-13,98
2024-01-14,97
2024-01-15,96
2024-01-16,95
2024-01-17,94
2024-01-18,93
2024-01-19,92
2024-01-20,91
2024-01-21,90
2024-01-22,89
2024-01-23,88
2024-01-24,87
2024-01-25,86
2024-01-26,85
2024-01-27,84
2024-01-28,83
2024-01-29,82
2024-01-30,81
2024-01-31,80
2024-02-01,79
2024-02-02,78
2024-02-03,77
2024-02-04,76
2024-02-05,75
2024-02-06,74
2024-02-07,73
2024-02-08,72
2024-02-09,71
2024-02-10,70
2024-02-11,69
2024-02-12,68
2024-02-13,67
2024-02-14,66
2024-02-15,65
2024-02-16,64
2024-02-17,63
2024-02-18,62
2024-02-19,61
2024-02-20,60
2024-02-21,59
2024-02-22,58
2024-02-23,57
2024-02-24,56
2024-02-25,55
2024-02-26,54
2024-02-27,53
2024-02-28,52
2024-02-29,51
2024-03-01,50
2024-03-02,49
2024-03-03,48
2024-03-04,47
2024-03-05,46
2024-03-06,45
2024-03-07,44
2024-03-08,43
2024-03-09,42
2024-03-10,41
2024-03-11,40
2024-03-12,39
2024-03-13,38
2024-03-14,37
2024-03-15,36
2024-03-16,35
2024-03-17,34
2024-03-18,33
2024-03-19,32
2024-03-20,31
2024-03-21,30
2024-03-22,29
2024-03-23,28
2024-03-24,27
2024-03-25,26
2024-03-26,25
2024-03-27,24
2024-03-28,23
2024-03-29,22
2024-03-30,21
2024-03-31,20
2024-04-01,19
2024-04-02,18
2024-04-03,17
2024-04-04,16
2024-04-05,15
2024-04-06,14
2024-04-07,13
2024-04-08,12
2024-04-09,11
2024-04-10,10
2024-04-11,9
2024-04-12,8
2024-04-13,7
2024-04-14,6
2024-04-15,5
2024-04-16,4
2024-04-17,3
2024-04-18,2
2024-04-19,1
2024-04-20,0
2024-04-21,1473
2024-04-22,1472
2024-04-23,1471
2024-04-24,1470
2024-04-25,1469
2024-04-26,1468
2024-04-27,1467
2024-04-28,1466
2024-04-29,1465
2024-04-30,1464
2024-05-01,1463
2024-05-02,1462
2024-05-03,1461
2024-05-04,1460
2024-05-05,1459
2024-05-06,1458
2024-05-07,1457
2024-05-08,1456
2024-05-09,1455
2024-05-10,1454
2024-05-11,1453
2024-05-12,1452
2024-05-13,1451
2024-05-14,1450
2024-05-15,1449
2024-05-16,1448
2024-05-17,1447
2024-05-18,1446
2024-05-19,1445
2024-05-20,1444
2024-05-21,1443
2024-05-22,1442
2024-05-23,1441
2024-05-24,1440
2024-05-25,1439
2024-05-26,1438
2024-05-27,1437
2024-05-28,1436
2024-05-29,1435
2024-05-30,1434
2024-05-31,1433
2024-06-01,1432
2024-06-02,1431
2024-06-03,1430
2024-06-04,1429
2024-06-05,1428
2024-06-06,1427
2024-06-07,1426
2024-06-08,1425
2024-06-09,1424
2024-06-10,1423
2024-06-11,1422
2024-06-12,1421
2024-06-13,1420
2024-06-14,1419
2024-06-15,1418
2024-06-16,1417
2024-06-17,1416
2024-06-18,1415
2024-06-19,1414
2024-06-20,1413
2024-06-21,1412
2024-06-22,1411
2024-06-23,1410
2024-06-24,1409
2024-06-25,1408
2024-06-26,1407
2024-06-27,1406
2024-06-28,1405
2024-06-29,1404
2024-06-30,1403
2024-07-01,1402
2024-07-02,1401
2024-07-03,1400
2024-07-04,1399
2024-07-05,1398
2024-07-06,1397
2024-07-07,1396
2024-07-08,1395
2024-07-09,1394
2024-07-10,1393
2024-07-11,1392
2024-07-12,1391
2024-07-13,1390
2024-07-14,1389
2024-07-15,1388
2024-07-16,1387
2024-07-17,1386
2024-07-18,1385
2024-07-19,1384
2024-07-20,1383
2024-07-21,1382
2024-07-22,1381
2024-07-23,1380
2024-07-24,1379
2024-07-25,1378
2024-07-26,1377
2024-07-27,1376
2024-07-28,1375
2024-07-29,1374
2024-07-30,1373
2024-07-31,1372
2024-08-01,1371
2024-08-02,1370
2024-08-03,1369
2024-08-04,1368
2024-08-05,1367
2024-08-06,1366
2024-08-07,1365
2024-08-08,1364
2024-08-09,1363
2024-08-10,1362
2024-08-11,1361
2024-08-12,1360
2024-08-13,1359
2024-08-14,1358
2024-08-15,1357
2024-08-16,1356
2024-08-17,1355
2024-08-18,1354
2024-08-19,1353
2024-08-20,1352
2024-08-21,1351
2024-08-22,1350
2024-08-23,1349
2024-08-24,1348
2024-08-25,1347
2024-08-26,1346
2024-08-27,1345
2024-08-28,1344
2024-08-29,1343
2024-08-30,1342
2024-08-31,1341
2024-09-01,1340
2024-09-02,1339
2024-09-03,1338
2024-09-04,1337
2024-09-05,1336
2024-09-06,1335
2024-09-07,1334
2024-09-08,1333
2024-09-09,1332
2024-09-10,1331
2024-09-11,1330
2024-09-12,1329
2024-09-13,1328
2024-09-14,1327
2024-09-15,1326
2024-09-16,1325
2024-09-17,1324
2024-09-18,1323
2024-09-19,1322
2024-09-20,1321
2024-09-21,1320
2024-09-22,1319
2024-09-23,1318
2024-09-24,1317
2024-09-25,1316
2024-09-26,1315
2024-09-27,1314
2024-09-28,1313
2024-09-29,1312
2024-09-30,1311
2024-10-01,1310
2024-10-02,1309
2024-10-03,1308
2024-10-04,1307
2024-10-05,1306
2024-10-06,1305
2024-10-07,1304
2024-10-08,1303
2024-10-09,1302
2024-10-10,1301
2024-10-11,1300
2024-10-12,1299
2024-10-13,1298
2024-10-14,1297
2024-10-15,1296
2024-10-16,1295
2024-10-17,1294
2024-10-18,1293
2024-10-19,1292
2024-10-20,1291
2024-10-21,1290
2024-10-22,1289
2024-10-23,1288
2024-10-24,1287
2024-10-25,1286
2024-10-26,1285
2024-10-27,1284
2024-10-28,1283
2024-10-29,1282
2024-10-30,1281
2024-10-31,1280
2024-11-01,1279
2024-11-02,1278
2024-11-03,1277
2024-11-04,1276
2024-11-05,1275
2024-11-06,1274
2024-11-07,1273
2024-11-08,1272
2024-11-09,1271
2024-11-10,1270
2024-11-11,1269
2024-11-12,1268
2024-11-13,1267
2024-11-14,1266
2024-11-15,1265
2024-11-16,1264
2024-11-17,1263
2024-11-18,1262
2024-11-19,1261
2024-11-20,1260
2024-11-21,1259
2024-11-22,1258
2024-11-23,1257
2024-11-24,1256
2024-11-25,1255
2024-11-26,1254
2024-11-27,1253
2024-11-28,1252
2024-11-29,1251
2024-11-30,1250
2024-12-01,1249
2024-12-02,1248
2024-12-03,1247
2024-12-04,1246
2024-12-05,1245
2024-12-06,1244
2024-12-07,1243
2024-12-08,1242
2024-12-09,1241
2024-12-10,1240
2024-12-11,1239
2024-12-12,1238
2024-12-13,1237
2024-12-14,1236
2024-12-15,1235
2024-12-16,1234
2024-12-17,1233
2024-12-18,1232
2024-12-19,1231
2024-12-20,1230
2024-12-21,1229
2024-12-22,1228
2024-12-23,1227
2024-12-24,1226
2024-12-25,1225
2024-12-26,1224
2024-12-27,1223
2024-12-28,1222
2024-12-29,1221
2024-12-30,1220
2024-12-31,1219
2025-01-01,1218
2025-01-02,1217
2025-01-03,1216
2025-01-04,1215
2025-01-05,1214
2025-01-06,1213
2025-01-07,1212
2025-01-08,1211
2025-01-09,1210
2025-01-10,1209
2025-01-11,1208
2025-01-12,1207
2025-01-13,1206
2025-01-14,1205
2025-01-15,1204
2025-01-16,1203
2025-01-17,1202
2025-01-18,1201
2025-01-19,1200
2025-01-20,1199
2025-01-21,1198
2025-01-22,1197
2025-01-23,1196
2025-01-24,1195
2025-01-25,1194
2025-01-26,1193
2025-01-27,1192
2025-01-28,1191
2025-01-29,1190
2025-01-30,1189
2025-01-31,1188
2025-02-01,1187
2025-02-02,1186
2025-02-03,1185
2025-02-04,1184
2025-02-05,1183
2025-02-06,1182
2025-02-07,1181
2025-02-08,1180
2025-02-09,1179
2025-02-10,1178
2025-02-11,1177
2025-02-12,1176
2025-02-13,1175
2025-02-14,1174
2025-02-15,1173
2025-02-16,1172
2025-02-17,1171
2025-02-18,1170
2025-02-19,1169
2025-02-20,1168
2025-02-21,1167
2025-02-22,1166
2025-02-23,1165
2025-02-24,1164
2025-02-25,1163
2025-02-26,1162
2025-02-27,1161
2025-02-28,1160
2025-03-01,1159
2025-03-02,1158
2025-03-03,1157
2025-03-04,1156
2025-03-05,1155
2025-03-06,1154
2025-03-07,1153
2025-03-08,1152
2025-03-09,1151
2025-03-10,1150
2025-03-11,1149
2025-03-12,1148
2025-03-13,1147
2025-03-14,1146
2025-03-15,1145
2025-03-16,1144
2025-03-17,1143
2025-03-18,1142
2025-03-19,1141
2025-03-20,1140
2025-03-21,1139
2025-03-22,1138
2025-03-23,1137
2025-03-24,1136
2025-03-25,1135
2025-03-26,1134
2025-03-27,1133
2025-03-28,1132
2025-03-29,1131
2025-03-30,1130
2025-03-31,1129
2025-04-01,1128
2025-04-02,1127
2025-04-03,1126
2025-04-04,1125
2025-04-05,1124
2025-04-06,1123
2025-04-07,1122
2025-04-08,1121
2025-04-09,1120
2025-04-10,1119
2025-04-11,1118
2025-04-12,1117
2025-04-13,1116
2025-04-14,1115
2025-04-15,1114
2025-04-16,1113
2025-04-17,1112
2025-04-18,1111
2025-04-19,1110
2025-04-20,1109
2025-04-21,1108
2025-04-22,1107
2025-04-23,1106
2025-04-24,1105
2025-04-25,1104
2025-04-26,1103
2025-04-27,1102
2025-04-28,1101
2025-04-29,1100
2025-04-30,1099
2025-05-01,1098
2025-05-02,1097
2025-05-03,1096
2025-05-04,1095
2025-05-05,1094
2025-05-06,1093
2025-05-07,1092
2025-05-08,1091
2025-05-09,1090
2025-05-10,1089
2025-05-11,1088
2025-05-12,1087
2025-05-13,1086
2025-05-14,1085
2025-05-15,1084
2025-05-16,1083
2025-05-17,1082
2025-05-18,1081
2025-05-19,1080
2025-05-20,1079
2025-05-21,1078
2025-05-22,1077
2025-05-23,1076
2025-05-24,1075
2025-05-25,1074
2025-05-26,1073
2025-05-27,1072
2025-05-28,1071
2025-05-29,1070
2025-05-30,1069
2025-05-31,1068
2025-06-01,1067
2025-06-02,1066
2025-06-03,1065
2025-06-04,1064
2025-06-05,1063
2025-06-06,1062
2025-06-07,1061
2025-06-08,1060
2025-06-09,1059
2025-06-10,1058
2025-06-11,1057
2025-06-12,1056
2025-06-13,1055
2025-06-14,1054
2025-06-15,1053
2025-06-16,1052
2025-06-17,1051
2025-06-18,1050
2025-06-19,1049
2025-06-20,1048
2025-06-21,1047
2025-06-22,1046
2025-06-23,1045
2025-06-24,1044
2025-06-25,1043
2025-06-26,1042
2025-06-27,1041
2025-06-28,1040
2025-06-29,1039
2025-06-30,1038
2025-07-01,1037
2025-07-02,1036
2025-07-03,1035
2025-07-04,1034
2025-07-05,1033
2025-07-06,1032
2025-07-07,1031
2025-07-08,1030
2025-07-09,1029
2025-07-10,1028
2025-07-12,1026
2025-07-13,1025
2025-07-14,1024
2025-07-15,1023
2025-07-16,1022
2025-07-17,1021
2025-07-18,1020
2025-07-19,1019
2025-07-20,1018
2025-07-21,1017
2025-07-22,1016
2025-07-23,1015
2025-07-24,1014
2025-07-25,1013
2025-07-26,1012
2025-07-27,1011
2025-07-28,1010
2025-07-29,1009
2025-07-30,1008
2025-07-31,1007
2025-08-01,1006
2025-08-02,1005
2025-08-03,1004
2025-08-04,1003
2025-08-05,1002
2025-08-06,1001
2025-08-07,1000
2025-08-08,999
2025-08-09,998
2025-08-10,997
2025-08-11,996
2025-08-12,995
2025-08-13,994
2025-08-14,993
2025-08-15,992
2025-08-16,991
2025-08-17,990
2025-08-18,989
2025-08-19,988
2025-08-20,987
2025-08-21,986
2025-08-22,985
2025-08-23,984
2025-08-24,983
2025-08-25,982
2025-08-26,981
2025-08-27,980
2025-08-28,979
2025-08-29,978
2025-08-30,977
2025-08-31,976
2025-09-01,975
2025-09-02,974
2025-09-03,973
2025-09-04,972
2025-09-05,971
2025-09-06,970
2025-09-07,969
2025-09-08,968
2025-09-09,967
2025-09-10,966
2025-09-11,965
2025-09-12,964
2025-09-13,963
2025-09-14,962
2025-09-15,961
2025-09-16,960
2025-09-17,959
2025-09-18,958
2025-09-19,957
2025-09-20,956
2025-09-21,955
2025-09-22,954
2025-09-23,953
2025-09-24,952
2025-09-25,951
2025-09-26,950
2025-09-27,949
2025-09-28,948
2025-09-29,947
2025-09-30,946
2025-10-01,945
2025-10-02,944
2025-10-03,943
2025-10-04,942
2025-10-05,941
2025-10-06,940
2025-10-07,939
2025-10-08,938
2025-10-09,937
2025-10-10,936
2025-10-11,935
2025-10-12,934
2025-10-13,933
2025-10-14,932
2025-10-15,931
2025-10-16,930
2025-10-17,929
2025-10-18,928
2025-10-19,927
2025-10-20,926
2025-10-21,925
2025-10-22,924
2025-10-23,923
2025-10-24,922
2025-10-25,921
2025-10-26,920
2025-10-27,919
2025-10-28,918
2025-10-29,917
2025-10-30,916
2025-10-31,915
2025-11-01,914
2025-11-02,913
2025-11-03,912
2025-11-04,911
2025-11-05,910
2025-11-06,909
2025-11-07,908
2025-11-08,907
2025-11-09,906
2025-11-10,905
2025-11-11,904
2025-11-12,903
2025-11-13,902
2025-11-14,901
2025-11-15,900
2025-11-16,899
2025-11-17,898
2025-11-18,897
2025-11-19,896
2025-11-20,895
2025-11-21,894
2025-11-22,893
2025-11-23,892
2025-11-24,891
2025-11-25,890
2025-11-26,889
2025-11-27,888
2025-11-28,887
2025-11-29,886
2025-11-30,885
2025-12-01,884
2025-12-02,883
2025-12-03,882
2025-12-04,881
2025-12-05,880
2025-12-06,879
2025-12-07,878
2025-12-08,877
2025-12-09,876
2025-12-10,875
2025-12-11,874
2025-12-12,873
2025-12-13,872
2025-12-14,871
2025-12-15,870
2025-12-16,869
2025-12-17,868
2025-12-18,867
2025-12-19,866
2025-12-20,865
2025-12-21,864
2025-12-22,863
2025-12-23,862
2025-12-24,861
2025-12-25,860
2025-12-26,859
2025-12-27,858
2025-12-28,857
2025-12-29,856
2025-12-30,855
2025-12-31,854
2026-01-01,853
2026-01-02,852
2026-01-03,851
2026-01-04,850
2026-01-05,849
2026-01-06,848
2026-01-07,847
2026-01-08,846
2026-01-09,845
2026-01-10,844
2026-01-11,843
2026-01-12,842
2026-01-13,841
2026-01-14,840
2026-01-15,839
2026-01-16,838
2026-01-17,837
2026-01-18,836
2026-01-19,835
2026-01-20,834
2026-01-21,833
2026-01-22,832
2026-01-23,831
2026-01-24,830
2026-01-25,829
2026-01-26,828
2026-01-27,827
2026-01-28,826
2026-01-29,825
2026-01-30,824
2026-01-31,823
2026-02-01,822
2026-02-02,821
2026-02-03,820
2026-02-04,819
2026-02-05,818
2026-02-06,817
2026-02-07,816
2026-02-08,815
2026-02-09,814
2026-02-10,813
2026-02-11,812
2026-02-12,811
2026-02-13,810
2026-02-14,809
2026-02-15,808
2026-02-16,807
2026-02-17,806
2026-02-18,805
2026-02-19,804
2026-02-20,803
2026-02-21,802
2026-02-22,801
2026-02-23,800
2026-02-24,799
2026-02-25,798
2026-02-26,797
2026-02-27,796
2026-02-28,795
2026-03-01,794
2026-03-02,793
2026-03-03,792
2026-03-04,791
2026-03-05,790
2026-03-06,789
2026-03-07,788
2026-03-08,787
2026-03-09,786
2026-03-10,785
2026-03-11,784
2026-03-12,783
2026-03-13,782
2026-03-14,781
2026-03-15,780
2026-03-16,779
2026-03-17,778
2026-03-18,777
2026-03-19,776
2026-03-20,775
2026-03-21,774
2026-03-22,773
2026-03-23,772
2026-03-24,771
2026-03-25,770
2026-03-26,769
2026-03-27,768
2026-03-28,767
2026-03-29,766
2026-03-30,765
2026-03-31,764
2026-04-01,763
2026-04-02,762
2026-04-03,761
2026-04-04,760
2026-04-05,759
2026-04-06,758
2026-04-07,757
2026-04-08,756
2026-04-09,755
2026-04-10,754
2026-04-11,753
2026-04-12,752
2026-04-13,751
2026-04-14,750
2026-04-15,749
2026-04-16,748
2026-04-17,747
2026-04-18,746
2026-04-19,745
2026-04-20,744
2026-04-21,743
2026-04-22,742
2026-04-23,741
2026-04-24,740
2026-04-25,739
2026-04-26,738
2026-04-27,737
2026-04-28,736
2026-04-29,735
2026-04-30,734
2026-05-01,733
2026-05-02,732
2026-05-03,731
2026-05-04,730
2026-05-05,729
2026-05-06,728
2026-05-07,727
2026-05-08,726
2026-05-09,725
2026-05-10,724
2026-05-11,723
2026-05-12,722
2026-05-13,721
2026-05-14,720
2026-05-15,719
2026-05-16,718
2026-05-17,717
2026-05-18,716
2026-05-19,715
2026-05-20,714
2026-05-21,713
2026-05-22,712
2026-05-23,711
2026-05-24,710
2026-05-25,709
2026-05-26,708
2026-05-27,707
2026-05-28,706
2026-05-29,705
2026-05-30,704
2026-05-31,703
2026-06-01,702
2026-06-02,701
2026-06-03,700
2026-06-04,699
2026-06-05,698
2026-06-06,697
2026-06-07,696
2026-06-08,695
2026-06-09,694
2026-06-10,693
2026-06-11,692
2026-06-12,691
2026-06-13,690
2026-06-14,689
2026-06-15,688
2026-06-16,687
2026-06-17,686
2026-06-18,685
2026-06-19,684
2026-06-20,683
2026-06-21,682
2026-06-22,681
2026-06-23,680
2026-06-24,679
2026-06-25,678
2026-06-26,677
2026-06-27,676
2026-06-28,675
2026-06-29,674
2026-06-30,673
2026-07-01,672
2026-07-02,671
2026-07-03,670
2026-07-04,669
2026-07-05,668
2026-07-06,667
2026-07-07,666
2026-07-08,665
2026-07-09,664
2026-07-10,663
2026-07-11,662
2026-07-12,661
2026-07-13,660
2026-07-14,659
2026-07-15,658
2026-07-16,657
2026-07-17,656
2026-07-18,655
2026-07-19,654
2026-07-20,653
2026-07-21,652
2026-07-22,651
2026-07-23,650
2026-07-24,649
2026-07-25,648
2026-07-26,647
2026-07-27,646
2026-07-28,645
2026-07-29,644
2026-07-30,643
2026-07-31,642
2026-08-01,641
2026-08-02,640
2026-08-03,639
2026-08-04,638
2026-08-05,637
2026-08-06,636
2026-08-07,635
2026-08-08,634
2026-08-09,633
2026-08-10,632
2026-08-11,631
2026-08-12,630
2026-08-13,629
2026-08-14,628
2026-08-15,627
2026-08-16,626
2026-08-17,625
2026-08-18,624
2026-08-19,623
2026-08-20,622
2026-08-21,621
2026-08-22,620
2026-08-23,619
2026-08-24,618
2026-08-25,617
2026-08-26,616
2026-08-27,615
2026-08-28,614
2026-08-29,613
2026-08-30,612
2026-08-31,611
2026-09-01,610
2026-09-02,609
2026-09-03,608
2026-09-04,607
2026-09-05,606
2026-09-06,605
2026-09-07,604
2026-09-08,603
2026-09-09,602
2026-09-10,601
2026-09-11,600
2026-09-12,599
2026-09-13,598
2026-09-14,597
2026-09-15,596
2026-09-16,595
2026-09-17,594
2026-09-18,593
2026-09-19,592
2026-09-20,591
2026-09-21,590
2026-09-22,589
2026-09-23,588
2026-09-24,587
2026-09-25,586
2026-09-26,585
2026-09-27,584
2026-09-28,583
2026-09-29,582
2026-09-30,581
2026-10-01,580
2026-10-02,579
2026-10-03,578
2026-10-04,577
2026-10-05,576
2026-10-06,575
2026-10-07,574
2026-10-08,573
2026-10-09,572
2026-10-10,571
2026-10-11,570
2026-10-12,569
2026-10-13,568
2026-10-14,567
2026-10-15,566
2026-10-16,565
2026-10-17,564
2026-10-18,563
2026-10-19,562
2026-10-20,561
2026-10-21,560
2026-10-22,559
2026-10-23,558
2026-10-24,557
2026-10-25,556
2026-10-26,555
2026-10-27,554
2026-10-28,553
2026-10-29,552
2026-10-30,551
2026-10-31,550
2026-11-01,549
2026-11-02,548
2026-11-03,547
2026-11-04,546
2026-11-05,545
2026-11-06,544
2026-11-07,543
2026-11-08,542
2026-11-09,541
2026-11-10,540
2026-11-11,539
2026-11-12,538
2026-11-13,537
2026-11-14,536
2026-11-15,535
2026-11-16,534
2026-11-17,533
2026-11-18,532
2026-11-19,531
2026-11-20,530
2026-11-21,529
2026-11-22,528
2026-11-23,527
2026-11-24,526
2026-11-25,525
2026-11-26,524
2026-11-27,523
2026-11-28,522
2026-11-29,521
2026-11-30,520
2026-12-01,519
2026-12-02,518
2026-12-03,517
2026-12-04,516
2026-12-05,515
2026-12-06,514
2026-12-07,513
2026-12-08,512
2026-12-09,511
2026-12-10,510
2026-12-11,509
2026-12-12,508
2026-12-13,507
2026-12-14,506
2026-12-15,505
2026-12-16,504
2026-12-17,503
2026-12-18,502
2026-12-19,501
2026-12-20,500
2026-12-21,499
2026-12-22,498
2026-12-23,497
2026-12-24,496
2026-12-25,495
2026-12-26,494
2026-12-27,493
2026-12-28,492
2026-12-29,491
2026-12-30,490
2026-12-31,489
2027-01-01,488
2027-01-02,487
2027-01-03,486
2027-01-04,485
2027-01-05,484
2027-01-06,483
2027-01-07,482
2027-01-08,481
2027-01-09,480
2027-01-10,479
2027-01-11,478
2027-01-12,477
2027-01-13,476
2027-01-14,475
2027-01-15,474
2027-01-16,473
2027-01-17,472
2027-01-18,471
2027-01-19,470
2027-01-20,469
2027-01-21,468
2027-01-22,467
2027-01-23,466
2027-01-24,465
2027-01-25,464
2027-01-26,463
2027-01-27,462
2027-01-28,461
2027-01-29,460
2027-01-30,459
2027-01-31,458
2027-02-01,457
2027-02-02,456
2027-02-03,455
2027-02-04,454
2027-02-05,453
2027-02-06,452
2027-02-07,451
2027-02-08,450
2027-02-09,449
2027-02-10,448
2027-02-11,447
2027-02-12,446
2027-02-13,445
2027-02-14,444
2027-02-15,443
2027-02-16,442
2027-02-17,441
2027-02-18,440
2027-02-19,439
2027-02-20,438
2027-02-21,437
2027-02-22,436
2027-02-23,435
2027-02-24,434
2027-02-25,433
2027-02-26,432
2027-02-27,431
2027-02-28,430
2027-03-01,429
2027-03-02,428
2027-03-03,427
2027-03-04,426
2027-03-05,425
2027-03-06,424
2027-03-07,423
2027-03-08,422
2027-03-09,421
2027-03-10,420
2027-03-11,419
2027-03-12,418
2027-03-13,417
2027-03-14,416
2027-03-15,415
2027-03-16,414
2027-03-17,413
2027-03-18,412
2027-03-19,411
2027-03-20,410
2027-03-21,409
2027-03-22,408
2027-03-23,407
2027-03-24,406
2027-03-25,405
2027-03-26,404
2027-03-27,403
2027-03-28,402
2027-03-29,401
2027-03-30,400
2027-03-31,399
2027-04-01,398
2027-04-02,397
2027-04-03,396
2027-04-04,395
2027-04-05,394
2027-04-06,393
2027-04-07,392
2027-04-08,391
2027-04-09,390
2027-04-10,389
2027-04-11,388
2027-04-12,387
2027-04-13,386
2027-04-14,385
2027-04-15,384
2027-04-16,383
2027-04-17,382
2027-04-18,381
2027-04-19,380
2027-04-20,379
2027-04-21,378
2027-04-22,377
2027-04-23,376
2027-04-24,375
2027-04-25,374
2027-04-26,373
2027-04-27,372
2027-04-28,371
2027-04-29,370
2027-04-30,369
2027-05-01,368
2027-05-02,367
2027-05-03,366
2027-05-04,365
2027-05-05,364
2027-05-06,363
2027-05-07,362
2027-05-08,361
2027-05-09,360
2027-05-10,359
2027-05-11,358
2027-05-12,357
2027-05-13,356
2027-05-14,355
2027-05-15,354
2027-05-16,353
2027-05-17,352
2027-05-18,351
2027-05-19,350
2027-05-20,349
2027-05-21,348
2027-05-22,347
2027-05-23,346
2027-05-24,345
2027-05-25,344
2027-05-26,343
2027-05-27,342
2027-05-28,341
2027-05-29,340
2027-05-30,339
2027-05-31,338
2027-06-01,337
2027-06-02,336
2027-06-03,335
2027-06-04,334
2027-06-05,333
2027-06-06,332
2027-06-07,331
2027-06-08,330
2027-06-09,329
2027-06-10,328
2027-06-11,327
2027-06-12,326
2027-06-13,325
2027-06-14,324
2027-06-15,323
2027-06-16,322
2027-06-17,321
2027-06-18,320
2027-06-19,319
2027-06-20,318
2027-06-21,317
2027-06-22,316
2027-06-23,315
2027-06-24,314
2027-06-25,313
2027-06-26,312
2027-06-27,311
2027-06-28,310
2027-06-29,309
2027-06-30,308
2027-07-01,307
2027-07-02,306
2027-07-03,305
2027-07-04,304
2027-07-05,303
2027-07-06,302
2027-07-07,301
2027-07-08,300
2027-07-09,299
2027-07-10,298
2027-07-11,297
2027-07-12,296
2027-07-13,295
2027-07-14,294
2027-07-15,293
2027-07-16,292
2027-07-17,291
2027-07-18,290
2027-07-19,289
2027-07-20,288
2027-07-21,287
2027-07-22,286
2027-07-23,285
2027-07-24,284
2027-07-25,283
2027-07-26,282
2027-07-27,281
2027-07-28,280
2027-07-29,279
2027-07-30,278
2027-07-31,277
2027-08-01,276
2027-08-02,275
2027-08-03,274
2027-08-04,273
2027-08-05,272
2027-08-06,271
2027-08-07,270
2027-08-08,269
2027-08-09,268
2027-08-10,267
2027-08-11,266
2027-08-12,265
2027-08-13,264
2027-08-14,263
2027-08-15,262
2027-08-16,261
2027-08-17,260
2027-08-18,259
2027-08-19,258
2027-08-20,257
2027-08-21,256
2027-08-22,255
2027-08-23,254
2027-08-24,253
2027-08-25,252
2027-08-26,251
2027-08-27,250
2027-08-28,249
2027-08-29,248
2027-08-30,247
2027-08-31,246
2027-09-01,245
2027-09-02,244
2027-09-03,243
2027-09-04,242
2027-09-05,241
2027-09-06,240
2027-09-07,239
2027-09-08,238
2027-09-09,237
2027-09-10,236
2027-09-11,235
2027-09-12,234
2027-09-13,233
2027-09-14,232
2027-09-15,231
2027-09-16,230
2027-09-17,229
2027-09-18,228
2027-09-19,227
2027-09-20,226
2027-09-21,225
2027-09-22,224
2027-09-23,223
2027-09-24,222
2027-09-25,221
2027-09-26,220
2027-09-27,219
2027-09-28,218
2027-09-29,217
2027-09-30,216
2027-10-01,215
2027-10-02,214
2027-10-03,213
2027-10-04,212
2027-10-05,211
2027-10-06,210
2027-10-07,209
2027-10-08,208
2027-10-09,207
2027-10-10,206
2027-10-11,205
2027-10-12,204
2027-10-13,203
2027-10-14,202
2027-10-15,201
2027-10-16,200
2027-10-17,199
2027-10-18,198
2027-10-19,197
2027-10-20,196
2027-10-21,195
2027-10-22,194
2027-10-23,193
2027-10-24,192
2027-10-25,191
2027-10-26,190
2027-10-27,189
2027-10-28,188
2027-10-29,187
2027-10-30,186
2027-10-31,185
2027-11-01,184
2027-11-02,183
2027-11-03,182
2027-11-04,181
2027-11-05,180
2027-11-06,179
2027-11-07,178
2027-11-08,177
2027-11-09,176
2027-11-10,175
2027-11-11,174
2027-11-12,173
2027-11-13,172
2027-11-14,171
2027-11-15,170
2027-11-16,169
2027-11-17,168
2027-11-18,167
2027-11-19,166
2027-11-20,165
2027-11-21,164
2027-11-22,163
2027-11-23,162
2027-11-24,161
2027-11-25,160
2027-11-26,159
2027-11-27,158
2027-11-28,157
2027-11-29,156
2027-11-30,155
2027-12-01,154
2027-12-02,153
2027-12-03,152
2027-12-04,151
2027-12-05,150
2027-12-06,149
2027-12-07,148
2027-12-08,147
2027-12-09,146
2027-12-10,145
2027-12-11,144
2027-12-12,143
2027-12-13,142
2027-12-14,141
2027-12-15,140
2027-12-16,139
2027-12-17,138
2027-12-18,137
2027-12-19,136
2027-12-20,135
2027-12-21,134
2027-12-22,133
2027-12-23,132
2027-12-24,131
2027-12-25,130
2027-12-26,129
2027-12-27,128
2027-12-28,127
2027-12-29,126
2027-12-30,125
2027-12-31,124
2028-01-01,123
2028-01-02,122
2028-01-03,121
2028-01-04,120
2028-01-05,119
2028-01-06,118
2028-01-07,117
2028-01-08,116
2028-01-09,115
2028-01-10,114
2028-01-11,113
2028-01-12,112
2028-01-13,111
2028-01-14,110
2028-01-15,109
2028-01-16,108
2028-01-17,107
2028-01-18,106
2028-01-19,105
2028-01-20,104
2028-01-21,103
2028-01-22,102
2028-01-23,101
2028-01-24,100
2028-01-25,99
2028-01-26,98
2028-01-27,97
2028-01-28,96
2028-01-29,95
2028-01-30,94
2028-01-31,93
2028-02-01,92
2028-02-02,91
2028-02-03,90
2028-02-04,89
2028-02-05,88
2028-02-06,87
2028-02-07,86
2028-02-08,85
2028-02-09,84
2028-02-10,83
2028-02-11,82
2028-02-12,81
2028-02-13,80
2028-02-14,79
2028-02-15,78
2028-02-16,77
2028-02-17,76
2028-02-18,75
2028-02-19,74
2028-02-20,73
2028-02-21,72
2028-02-22,71
2028-02-23,70
2028-02-24,69
2028-02-25,68
2028-02-26,67
2028-02-27,66
2028-02-28,65
2028-02-29,64
2028-03-01,63
2028-03-02,62
2028-03-03,61
2028-03-04,60
2028-03-05,59
2028-03-06,58
2028-03-07,57
2028-03-08,56
2028-03-09,55
2028-03-10,54
2028-03-11,53
2028-03-12,52
2028-03-13,51
2028-03-14,50
2028-03-15,49
2028-03-16,48
2028-03-17,47
2028-03-18,46
2028-03-19,45
2028-03-20,44
2028-03-21,43
2028-03-22,42
2028-03-23,41
2028-03-24,40
2028-03-25,39
2028-03-26,38
2028-03-27,37
2028-03-28,36
2028-03-29,35
2028-03-30,34
2028-03-31,33
2028-04-01,32
2028-04-02,31
2028-04-03,30
2028-04-04,29
2028-04-05,28
2028-04-06,27
2028-04-07,26
2028-04-08,25
2028-04-09,24
2028-04-10,23
2028-04-11,22
2028-04-12,21
2028-04-13,20
2028-04-14,19
2028-04-15,18
2028-04-16,17
2028-04-17,16
2028-04-18,15
2028-04-19,14
2028-04-20,13
2028-04-21,12
2028-04-22,11
2028-04-23,10
2028-04-24,9
2028-04-25,8
2028-04-26,7
2028-04-27,6
2028-04-28,5
2028-04-29,4
2028-04-30,3
2028-05-01,2
2028-05-02,1
2028-05-03,0
